-- MySQL dump 10.13  Distrib 8.0.34, for Win64 (x86_64)
--
-- Host: localhost    Database: utopia
-- ------------------------------------------------------
-- Server version	8.0.35

/*!40101 SET @OLD_CHARACTER_SET_CLIENT=@@CHARACTER_SET_CLIENT */;
/*!40101 SET @OLD_CHARACTER_SET_RESULTS=@@CHARACTER_SET_RESULTS */;
/*!40101 SET @OLD_COLLATION_CONNECTION=@@COLLATION_CONNECTION */;
/*!50503 SET NAMES utf8 */;
/*!40103 SET @OLD_TIME_ZONE=@@TIME_ZONE */;
/*!40103 SET TIME_ZONE='+00:00' */;
/*!40014 SET @OLD_UNIQUE_CHECKS=@@UNIQUE_CHECKS, UNIQUE_CHECKS=0 */;
/*!40014 SET @OLD_FOREIGN_KEY_CHECKS=@@FOREIGN_KEY_CHECKS, FOREIGN_KEY_CHECKS=0 */;
/*!40101 SET @OLD_SQL_MODE=@@SQL_MODE, SQL_MODE='NO_AUTO_VALUE_ON_ZERO' */;
/*!40111 SET @OLD_SQL_NOTES=@@SQL_NOTES, SQL_NOTES=0 */;

--
-- Table structure for table `categories`
--

DROP TABLE IF EXISTS `categories`;
/*!40101 SET @saved_cs_client     = @@character_set_client */;
/*!50503 SET character_set_client = utf8mb4 */;
CREATE TABLE `categories` (
  `id` tinyint NOT NULL AUTO_INCREMENT,
  `name` varchar(50) NOT NULL,
  PRIMARY KEY (`id`),
  UNIQUE KEY `id_UNIQUE` (`id`),
  UNIQUE KEY `name_UNIQUE` (`name`)
) ENGINE=InnoDB AUTO_INCREMENT=30 DEFAULT CHARSET=utf8mb3;
/*!40101 SET character_set_client = @saved_cs_client */;

--
-- Dumping data for table `categories`
--

LOCK TABLES `categories` WRITE;
/*!40000 ALTER TABLE `categories` DISABLE KEYS */;
INSERT INTO `categories` VALUES (28,'Accessories'),(4,'Audible'),(20,'Automotive'),(27,'Baby'),(24,'Beauty'),(1,'Books'),(6,'Clothing'),(17,'Computers'),(13,'Crafts'),(8,'Electronics'),(29,'Fruits'),(26,'Furniture'),(15,'Games'),(10,'Garden'),(9,'Gifts'),(2,'Health'),(23,'Home'),(12,'Jewelry'),(25,'Movies'),(18,'Music'),(11,'Office'),(5,'Outdoors'),(21,'Patio'),(7,'Pets'),(3,'Pharmacy'),(16,'Shoes'),(19,'Sports'),(22,'Tools'),(14,'Toys');
/*!40000 ALTER TABLE `categories` ENABLE KEYS */;
UNLOCK TABLES;

--
-- Table structure for table `categorized_products`
--

DROP TABLE IF EXISTS `categorized_products`;
/*!40101 SET @saved_cs_client     = @@character_set_client */;
/*!50503 SET character_set_client = utf8mb4 */;
CREATE TABLE `categorized_products` (
  `product_id` bigint NOT NULL,
  `category_id` tinyint NOT NULL,
  PRIMARY KEY (`product_id`,`category_id`),
  KEY `fk_product_categories_categories1_idx` (`category_id`),
  CONSTRAINT `fk_product_categories_categories1` FOREIGN KEY (`category_id`) REFERENCES `categories` (`id`) ON DELETE CASCADE ON UPDATE CASCADE,
  CONSTRAINT `fk_product_categories_products` FOREIGN KEY (`product_id`) REFERENCES `products` (`id`) ON DELETE CASCADE ON UPDATE CASCADE
) ENGINE=InnoDB DEFAULT CHARSET=utf8mb3;
/*!40101 SET character_set_client = @saved_cs_client */;

--
-- Dumping data for table `categorized_products`
--

LOCK TABLES `categorized_products` WRITE;
/*!40000 ALTER TABLE `categorized_products` DISABLE KEYS */;
INSERT INTO `categorized_products` VALUES (3,1),(14,1),(20,1),(17,6),(19,6),(10,8),(11,8),(13,8),(16,8),(21,8),(23,8),(25,8),(2,9),(11,17),(16,17),(12,23),(15,23),(1,26),(4,26),(5,26),(6,26),(7,26),(8,26),(9,26),(12,26),(15,26),(22,26),(24,26),(17,27),(21,28),(18,29);
/*!40000 ALTER TABLE `categorized_products` ENABLE KEYS */;
UNLOCK TABLES;

--
-- Table structure for table `comments`
--

DROP TABLE IF EXISTS `comments`;
/*!40101 SET @saved_cs_client     = @@character_set_client */;
/*!50503 SET character_set_client = utf8mb4 */;
CREATE TABLE `comments` (
  `id` bigint NOT NULL AUTO_INCREMENT,
  `user_id` bigint NOT NULL,
  `product_id` bigint NOT NULL,
  `body` varchar(500) COLLATE utf8mb4_unicode_ci DEFAULT NULL,
  `photo` varchar(250) COLLATE utf8mb4_unicode_ci DEFAULT NULL,
  PRIMARY KEY (`id`),
  UNIQUE KEY `id_UNIQUE` (`id`),
  KEY `fk_comments_users1_idx` (`user_id`),
  KEY `fk_comments_products1_idx` (`product_id`),
  CONSTRAINT `fk_comments_products1` FOREIGN KEY (`product_id`) REFERENCES `products` (`id`),
  CONSTRAINT `fk_comments_users1` FOREIGN KEY (`user_id`) REFERENCES `users` (`id`)
) ENGINE=InnoDB AUTO_INCREMENT=51 DEFAULT CHARSET=utf8mb4 COLLATE=utf8mb4_unicode_ci;
/*!40101 SET character_set_client = @saved_cs_client */;

--
-- Dumping data for table `comments`
--

LOCK TABLES `comments` WRITE;
/*!40000 ALTER TABLE `comments` DISABLE KEYS */;
INSERT INTO `comments` VALUES (1,3,1,'Ea vero eius omnis. Tenetur adipisci dolorem magnam iste officia. Et perspiciatis quisquam placeat voluptas et fugit ea ipsa. Aut sunt omnis et. Est aut qui recusandae maxime magnam corrupti officiis. Numquam harum error atque sed assumenda. Eos commodi aperiam natus saepe pariatur cum tempore porro ut...','edthaerver.gif'),(2,23,2,'Voluptatem eaque error quis aspernatur ut unde. Nesciunt illum voluptas. Ad dolorum placeat? Soluta fugit itaque. Fugit vel exercitationem. Quia et aut.\r\nSit expedita eligendi. Natus minus nobis! Nesciunt unde hic. Animi odit consequatur! Sed cupiditate commodi. Sit dolor aut? Voluptatibus ut eius. Reiciendis et qui! Rerum consequuntur dolorem.\r\nEa alias omnis.','ithtioanoul.gif'),(3,18,2,'Magnam qui iusto. Neque aliquam est aut iure delectus iusto ut facere; excepturi soluta omnis deleniti consequuntur veniam et. Officia sunt nisi aliquam. Sed velit aliquid et! Illo iste nihil? Id laborum ducimus. Voluptatibus voluptatem porro...\r\nFugit quaerat maxime. Asperiores aut fugiat? Et dolorum debitis! Optio nobis voluptas.\r\nVoluptatem impedit eos.','letetedwit.jpg'),(4,42,4,'Corporis similique minus. Ipsa doloribus consequuntur ea ut ex est; sit minus debitis libero reiciendis optio amet aut. Ut eum autem! Distinctio architecto dicta. Sequi possimus explicabo. In exercitationem ut. Delectus qui illum!\r\nFugiat laudantium eligendi. Vero modi libero. Voluptate vitae nihil! Nemo praesentium incidunt. Qui voluptatem error. Nulla et sed. Voluptatem quia minima.','seouentour.png'),(5,20,5,'Quam nulla adipisci rem aut natus ad adipisci amet. Eos dolorem nisi nihil quam reprehenderit! Est iste earum...\r\nUllam sint reprehenderit libero alias omnis. Quia amet pariatur dolores qui aliquam cumque est ut placeat. Minima libero minus provident dignissimos architecto quae non nostrum. At neque vel. Repellat omnis accusantium. Sapiente et aspernatur.','isthaas.jpg'),(6,46,6,'Consequatur laudantium deleniti. Sed tempora sed sit dicta pariatur ut laborum consequatur sunt. Ea corrupti error, modi nihil expedita nam blanditiis cumque temporibus. Et quae cum voluptas maiores unde et ex vitae non; alias consequatur ut aperiam eius veritatis unde accusantium vel quia.','theandfor549.jpg'),(7,30,7,'Est sed minus reprehenderit eum dolores iusto tempora sapiente adipisci.','ngor659.bmp'),(8,18,8,'Distinctio sunt sed temporibus repellendus iste labore dolor enim qui. Iure ea sit hic consectetur harum deleniti similique vel ad? Rem rerum est accusantium fugit ut eos unde commodi ea.\r\nEst ullam non, ut minima adipisci dignissimos vitae nobis sed.','eraheve15.bmp'),(9,19,9,'Dolorum quis quo porro dolore vel. Qui voluptates id qui pariatur explicabo assumenda quod corporis id? Eaque explicabo deserunt; tempore dolores impedit. Illum odio harum nemo sit omnis et in. Repellendus ut cupiditate impedit; aperiam illo sequi quo dolorem, veritatis omnis consequatur et non.','anverome741.png'),(10,47,10,'Sed consequatur sit. Exercitationem minima vel. Dolores voluptatem molestiae; vel qui cupiditate. Minus fuga dolorem? Fugit ut dolorem; dolor distinctio unde. Omnis deserunt magnam.\r\nAnimi fugiat et; sunt voluptatem error? Debitis ipsam suscipit! Error nam magnam. Sequi est omnis; maxime quia saepe. Odit assumenda corrupti. Voluptatem est adipisci. Sit omnis ut!\r\nRepudiandae adipisci;','hener854.jpg'),(11,39,11,'Omnis atque sed qui sed. Deleniti itaque, eum aut voluptatem ullam veritatis odio quia consectetur! Veritatis quis eveniet unde asperiores, voluptate doloribus omnis perspiciatis et; aut fuga et est, et iste ipsam inventore tenetur nostrum. Explicabo ab, debitis et reprehenderit et fugit eligendi reiciendis rerum.','itasionte1.gif'),(12,3,12,'Blanditiis quis ut suscipit alias perspiciatis. Consequuntur eligendi repellendus laboriosam quas maxime qui, sunt tempore error; quod unde vel et culpa ut nihil aspernatur. Et sequi et voluptate pariatur ipsum expedita. Tenetur quasi aliquid sit tenetur et ea dolore accusantium deserunt! In veniam quod. Vitae aperiam natus. Non sed inventore!','enleinwit.bmp'),(13,27,13,'Ut error reprehenderit autem consequatur impedit soluta ex aut ipsam; repellat suscipit officiis molestias iste omnis nisi ad consequatur assumenda.','eawa603.gif'),(14,11,14,NULL,'hethehe.gif'),(15,10,15,'Velit quasi sed. Explicabo aut rem laborum qui dignissimos non dolore voluptate...\r\nEt laboriosam enim facere iste suscipit ut. Autem fugit perferendis vel animi itaque ex et qui! Cumque omnis beatae eius molestiae voluptatem qui. At soluta pariatur. Laboriosam eveniet illo? Harum iste unde! Autem expedita ea? Velit autem nihil.','iteretibut781.bmp'),(16,19,16,'Vero neque placeat. Corporis ut impedit. Adipisci ut id.\r\nSit qui perspiciatis; sed quod corporis; ipsum ut iste. Enim veritatis consequatur? Incidunt voluptatem perspiciatis! Quia enim vel. Sint sequi doloribus; perspiciatis natus nesciunt. Enim nam non! Odit in sed.\r\nSed non sit; et voluptas aut. Omnis reiciendis iusto. Rem error aut. Architecto natus delectus.','edionored.png'),(17,2,17,'Illum numquam excepturi consectetur ab vitae totam harum nemo aut.','nebutuldat647.bmp'),(18,34,18,'Error necessitatibus aut illum. Quia ut quasi iusto omnis; natus dignissimos explicabo excepturi et voluptatem at quia. Asperiores officia aut ea. Natus aperiam fuga eveniet. Voluptatem est architecto possimus reprehenderit eum doloremque! Omnis sint sapiente qui numquam eius voluptate magni fugit. Iste rerum quasi ratione inventore iste. In repudiandae consequuntur?','youenousho.png'),(19,29,19,'Omnis nesciunt est voluptas ut natus corrupti autem veritatis placeat. Sunt et ratione sunt non quia minus a sit eos? Iure nisi voluptatem quisquam quo, ut quia provident velit voluptatem. Ipsa deserunt quia ab quia et, est voluptas maxime aliquam!','shotethal.bmp'),(20,24,20,'Ipsa a et nostrum nam facere voluptatem saepe. Sed ea odit suscipit facilis deleniti. Eaque beatae doloremque facere perferendis quibusdam. Perspiciatis voluptatem deleniti natus! Aut fugit voluptate minima nemo deleniti aut similique. Perspiciatis sit sed voluptas dolores sit.\r\nQuae cupiditate odio. Iste alias provident ipsum quam eligendi quibusdam aliquid! Omnis quia dolor? Incidunt fugit et.','itnthaal41.gif'),(21,14,21,'Unde perspiciatis omnis. Quae odit et. Laudantium unde eveniet! Ex ut illum. Similique dolores cumque? Et sunt consectetur. Fuga dolor sit? Dolorum voluptas aut. Harum a quia. Rerum qui ratione.\r\nOdit expedita eligendi. Est officiis odio! Numquam voluptatem fuga. Iste porro sunt. Placeat eum autem! Rerum et corporis. Excepturi sunt consequatur!\r\nDignissimos perspiciatis omnis. Ratione placeat;','arhadandes319.bmp'),(22,10,22,'Ipsa reiciendis cumque. Sed dolor enim. Ipsa aut illum. Ut sunt odit. Quae aperiam ipsum! Ut voluptatem assumenda. Omnis possimus magnam. Numquam aliquid non; laboriosam voluptas modi. Ut officiis distinctio.\r\nRepellat voluptatem eligendi. Debitis iste velit. Est mollitia nobis. Sit numquam molestiae. Assumenda possimus natus; ut et laboriosam. Minima quae voluptatem.\r\nIpsam qui et.','ndourheat.jpg'),(23,33,23,'Iusto at est harum voluptatem fugit praesentium voluptatem magni. Fugiat rerum sit maiores fugiat ut? Consequatur aperiam accusantium sit dignissimos perferendis numquam. Soluta adipisci excepturi culpa laborum et ut amet omnis. Suscipit vel omnis corrupti architecto adipisci ab dicta? Voluptate quam aut ad. Provident incidunt rerum fugit? Voluptas facere vel porro blanditiis et nemo eligendi!','ouhastne.png'),(24,12,24,'Similique quo eveniet ipsam pariatur aliquid. Totam veritatis voluptatibus unde necessitatibus ut nobis. Non eius aliquam. Quos accusantium omnis ex iste veniam reiciendis. Eligendi aliquam error molestiae aut aliquam reiciendis voluptate. Vel nemo error aut eaque et laboriosam! Animi obcaecati consequuntur laboriosam qui laborum sit. Soluta pariatur quam.\r\nConsequatur nihil voluptas.','ndveandre.bmp'),(25,15,25,'Soluta omnis dolorem neque natus cupiditate explicabo velit; sed unde dicta iusto voluptatem. Ad et laborum expedita, quaerat maiores voluptatibus magnam porro qui.\r\nOdit necessitatibus ex. Et autem nisi. Aut porro cum. Et eius ut! Omnis eaque totam; accusantium id sed. Ullam aspernatur fuga; esse eum et? Et aut et.\r\n',NULL),(26,34,1,'Voluptatem deleniti et. Libero temporibus quo; perspiciatis nam amet. Illo perferendis architecto.\r\nNatus voluptatem ipsa. Eos dolorem unde? Voluptatem atque nostrum. Id tempore doloribus. Ab similique voluptatem? Laudantium animi et...\r\nObcaecati natus quidem. Dignissimos impedit qui. Facilis officia a! Laborum quia tempora; quibusdam aliquid magni. Rerum et qui. Ullam voluptatem a!','orhen278.gif'),(27,32,2,'Numquam vero tempore porro sapiente; neque tempore officia dolor rerum culpa. Sint eum dolorem vitae fugit ut perferendis voluptates. Voluptatem nihil temporibus rerum molestiae rerum incidunt non voluptas. Corporis blanditiis sint reprehenderit omnis quasi est. Enim totam sapiente non possimus ullam quo iure similique et; hic cum quia. Aut et aut? Praesentium voluptas distinctio.','entiit.gif'),(28,20,3,'Qui molestias neque obcaecati rem sequi. Autem ad temporibus pariatur! Ad quo culpa; et ipsam cumque doloribus esse sequi eos illum nemo. Ut iste officiis soluta. Laboriosam unde molestias iure vitae velit. Autem rem error beatae excepturi voluptatem. Eum alias dolores nobis in eaque quo quia nemo itaque.','orter.png'),(29,34,4,'Cupiditate voluptatem quidem ut et eum aut vel. Veritatis ut possimus!\r\nNeque culpa qui. Excepturi nobis quae! Illum maiores veritatis? Odit voluptatem debitis; eum et fugiat. Quaerat doloremque ut; maxime sit quia. Iusto nemo voluptatem. Ea beatae delectus. Ipsa aut labore!\r\nUllam alias totam. Sit quo facilis; qui perspiciatis aut.','ntyouse9.bmp'),(30,36,5,'Et non magni sed quia hic. Assumenda nostrum quia sit distinctio numquam eligendi nam reprehenderit vero? Laborum nisi molestiae! Eaque sed architecto error aliquam veritatis adipisci dolores pariatur; ut autem veritatis odit. Nihil eligendi aut a et aut. Aperiam nemo ducimus tempore sint esse iure sed. Nulla unde voluptatem. Voluptate sed est.','nghaterahad.gif'),(31,5,6,'Est cupiditate dolorum quia dolores facere. Odio repellat deserunt. Enim quas iste. Et asperiores et? Dolorem porro sunt. Sed voluptas ex. Ab quae omnis. Mollitia ut aliquid...\r\nVoluptatem fugiat dignissimos. Ut animi quo! Voluptatum voluptatem sequi. Officia omnis maxime! Provident ullam possimus. Non natus pariatur; nisi accusamus architecto. Corrupti eos doloremque.','tioasithin.png'),(32,16,7,'Ut nemo consequatur et voluptatibus voluptatem quae dicta voluptate corrupti.','aten.bmp'),(33,8,8,'Minus facere et; autem non suscipit quisquam, ut nam nemo odit aliquid nihil.\r\nUt est voluptatem sunt corrupti tenetur, sit accusamus sed consequuntur. In molestias et maxime quos odio, ut dignissimos optio similique. Impedit accusantium soluta reprehenderit vitae aut culpa ad voluptatem rem.','atomeareit.jpg'),(34,44,9,NULL,'hisvethiion.png'),(35,10,10,'Iusto et incidunt alias. Nisi eum omnis? Consequatur architecto voluptas ex qui; laudantium placeat sed dolor explicabo; rem delectus assumenda eos exercitationem; sapiente unde incidunt? Eum sed vel enim quod cum consequuntur dignissimos. Unde ea neque sit sed ut distinctio. Minima est recusandae quo rerum.\r\nQuia atque id. Deserunt rem iste!','waeatist.jpg'),(36,22,11,'Corporis molestiae perspiciatis ex ea et quisquam magnam blanditiis tempora. Delectus culpa ut consequuntur! Aliquid debitis voluptates omnis, natus laudantium distinctio fuga rerum rem. Aspernatur non omnis iste minima amet et atque. Libero non itaque ut. Eveniet et doloremque. Officia hic ducimus. Numquam voluptate ratione. Accusamus rerum aperiam. Nemo voluptatem rerum.','orhen.bmp'),(37,1,12,'Nesciunt ut aut. Repellat doloremque voluptas! Ut magnam non. Sed velit provident!\r\nSaepe quas velit. Voluptatibus labore illum. Est tenetur porro! Incidunt officia in.\r\nQui iste unde. Voluptatem et quasi! Voluptatem est minus? Rerum aperiam aut. Debitis minima modi. Laboriosam voluptatem delectus. Error aut odio. Magnam maxime corrupti. Id consequuntur velit.','eraalltone.jpg'),(38,41,13,'Saepe sit quis molestias dolorem. Fugit voluptas perferendis quidem ut!\r\nIpsa perspiciatis harum, impedit rem sunt et incidunt earum exercitationem. Impedit et eos quia nihil nobis eum vitae exercitationem? Omnis quae iste numquam! Doloribus quia nisi. Esse quia dolores. Ut minima placeat? Doloremque est voluptas! Unde vel rerum. Nihil vel velit...','hatandentat014.png'),(39,13,14,'Dolor omnis doloremque perspiciatis et, ut aperiam ut eius debitis; voluptatem enim voluptas, saepe est eos voluptatem voluptate aut natus. Eos corporis facere illo, a quibusdam iste ut quasi numquam.','tioanorit.png'),(40,41,15,'Sit quae atque amet et labore rerum voluptate error necessitatibus. Voluptatem perspiciatis ut, tenetur cum deserunt ut repudiandae sunt odit; deserunt dolorem saepe unde autem, cumque veritatis perferendis consequatur repellendus. Dolor accusamus amet alias voluptas commodi praesentium quia dolore ab.','ithterallor555.bmp'),(41,5,16,'Et nobis fugit labore optio quia consequatur laudantium omnis laudantium. Laborum voluptatibus qui repellendus earum. Ad inventore autem! Deserunt fugit iste sed. Ut eveniet repellendus nam ratione. Similique odio est rem qui et maiores. Cupiditate maiores tempore aut ut rerum porro cum fugit! Dolores id dignissimos; odio iure laboriosam. Mollitia et nulla.\r\nDolorum cum eum.','eresethi3.png'),(42,30,17,'Vel a odio labore iusto. Non ea aut sequi velit dolore delectus dolor aut et. Tempore labore error! Error quod aut.\r\nVoluptatem sunt repellendus. Aut eum facilis. Dolore dicta numquam. Sed et eos. Odit est provident. Natus et aut!\r\nEa et fugit. Quibusdam corporis et; aperiam doloremque ad. Tempore error sint. Totam error eaque.',NULL),(43,3,18,'Fuga esse et ipsam ex ut. Reiciendis delectus dolore omnis natus expedita. Eligendi ratione quo unde voluptas at error; dolores repellat libero id soluta et cupiditate non itaque. Aliquam deleniti unde itaque? Error quis modi et atque suscipit velit quibusdam sed distinctio; velit aperiam vel. Et commodi sit. Ab tenetur veniam? Corrupti quia tempore.','uldedereted6.jpg'),(44,44,19,'Iusto ut qui reprehenderit porro doloremque est eligendi reiciendis laudantium. Quaerat ut pariatur, iure vel quasi eum illo quaerat iure.','ndverfor337.jpg'),(45,4,20,'Exercitationem iste praesentium veritatis aliquid quia. Odit inventore maxime culpa odit quia incidunt.\r\nVoluptatem ipsum omnis voluptas iure quam. Ipsa ea, ipsum nisi incidunt eveniet recusandae quis ipsa voluptatem. Non libero sed? Et ullam non! Atque sed ipsum.\r\nIste aliquid qui. Eaque et ut! Ut molestiae quo. Ab id necessitatibus;','eveuldeveter.gif'),(46,25,21,'Libero et eius. Numquam reprehenderit natus! Quia maiores illum. Quae enim delectus. Voluptatem at laudantium. Expedita et aspernatur...\r\nRatione sit et. Et velit mollitia. Sed eius et.\r\nVoluptate reiciendis ducimus. Aut rerum ut. Voluptas ut error. Dignissimos aliquam nesciunt! Magnam aut veritatis. Itaque voluptas dolorum; consequatur est dolorem. Minus est rerum. Temporibus esse veniam. Saepe.','allwitwaeve8.jpg'),(47,34,22,'Architecto expedita unde. Aut qui rerum. Blanditiis ut omnis. Laborum dolor et. Et laboriosam neque. Laudantium aspernatur doloribus. Sed tempora libero? Delectus necessitatibus qui.\r\nQuia reprehenderit architecto. Eum dolorum ullam. Odit ipsam repudiandae! Aut accusantium consequuntur. Autem velit dicta. Perspiciatis dolores sit. Voluptas non unde. Delectus architecto veniam.\r\nOfficiis cumque.','theoulith.jpg'),(48,36,23,NULL,'hisvethiion.png'),(49,43,24,NULL,'hisvethiion.png'),(50,24,25,NULL,'hisvethiion.png');
/*!40000 ALTER TABLE `comments` ENABLE KEYS */;
UNLOCK TABLES;

--
-- Table structure for table `favourites`
--

DROP TABLE IF EXISTS `favourites`;
/*!40101 SET @saved_cs_client     = @@character_set_client */;
/*!50503 SET character_set_client = utf8mb4 */;
CREATE TABLE `favourites` (
  `user_id` bigint NOT NULL,
  `product_id` bigint NOT NULL,
  `date` datetime NOT NULL DEFAULT CURRENT_TIMESTAMP,
  PRIMARY KEY (`user_id`,`product_id`),
  KEY `idx_user_id` (`user_id`),
  KEY `idx_product_id` (`product_id`),
  CONSTRAINT `favourites_ibfk_1` FOREIGN KEY (`user_id`) REFERENCES `users` (`id`) ON DELETE CASCADE ON UPDATE CASCADE,
  CONSTRAINT `favourites_ibfk_2` FOREIGN KEY (`product_id`) REFERENCES `products` (`id`) ON DELETE CASCADE ON UPDATE CASCADE
) ENGINE=InnoDB DEFAULT CHARSET=utf8mb4 COLLATE=utf8mb4_unicode_ci;
/*!40101 SET character_set_client = @saved_cs_client */;

--
-- Dumping data for table `favourites`
--

LOCK TABLES `favourites` WRITE;
/*!40000 ALTER TABLE `favourites` DISABLE KEYS */;
INSERT INTO `favourites` VALUES (1,1,'2024-01-01 00:10:02'),(2,2,'2024-05-20 00:58:15'),(3,3,'2024-01-15 13:09:47'),(4,4,'2024-04-27 13:03:40'),(5,5,'2024-01-01 00:00:10'),(6,6,'2024-04-27 18:50:10'),(7,7,'2024-05-22 16:07:58'),(8,8,'2024-01-01 00:07:20'),(9,9,'2024-01-10 17:31:09'),(10,10,'2024-01-01 02:25:46'),(11,11,'2024-03-11 03:19:32'),(12,12,'2024-03-09 13:41:15'),(13,13,'2024-01-01 00:10:39'),(14,14,'2024-01-01 00:01:06'),(15,15,'2024-01-01 00:00:25'),(16,16,'2024-05-01 02:47:09'),(17,17,'2024-01-12 11:22:43'),(18,18,'2024-01-01 00:00:08'),(19,19,'2024-01-01 00:56:40'),(20,20,'2024-01-01 00:06:55'),(21,21,'2024-01-01 00:57:34'),(22,22,'2024-03-07 11:34:37'),(23,23,'2024-01-02 03:19:07'),(24,24,'2024-04-01 07:27:42'),(25,25,'2024-03-29 21:02:18'),(26,26,'2024-05-08 13:59:35'),(27,27,'2024-01-01 00:00:38'),(28,28,'2024-03-08 05:12:31'),(29,29,'2024-01-01 02:09:09'),(30,30,'2024-01-14 12:56:01'),(31,31,'2024-01-01 00:16:31'),(32,32,'2024-05-25 20:18:53'),(33,33,'2024-01-01 00:00:13'),(34,34,'2024-01-01 01:59:55'),(35,35,'2024-05-09 06:57:07'),(36,36,'2024-01-01 00:05:07'),(37,37,'2024-02-29 07:28:26'),(38,38,'2024-03-17 00:52:47'),(39,39,'2024-04-16 19:22:48'),(40,40,'2024-05-13 00:35:32'),(41,41,'2024-05-21 15:07:53'),(42,42,'2024-05-08 05:00:33'),(43,43,'2024-02-12 09:24:33'),(44,44,'2024-01-01 00:00:04'),(45,45,'2024-03-07 16:01:54'),(46,46,'2024-05-11 23:36:32'),(47,47,'2024-01-01 00:00:04'),(48,48,'2024-03-01 18:17:49'),(49,49,'2024-03-10 14:25:52'),(50,50,'2024-03-06 10:47:39');
/*!40000 ALTER TABLE `favourites` ENABLE KEYS */;
UNLOCK TABLES;

--
-- Table structure for table `medias`
--

DROP TABLE IF EXISTS `medias`;
/*!40101 SET @saved_cs_client     = @@character_set_client */;
/*!50503 SET character_set_client = utf8mb4 */;
CREATE TABLE `medias` (
  `id` int NOT NULL AUTO_INCREMENT,
  `product_id` bigint NOT NULL,
  `name` varchar(250) NOT NULL,
  PRIMARY KEY (`id`),
  UNIQUE KEY `id_UNIQUE` (`id`),
  KEY `fk_product_images_products1_idx` (`product_id`),
  CONSTRAINT `fk_product_images_products` FOREIGN KEY (`product_id`) REFERENCES `products` (`id`) ON DELETE CASCADE ON UPDATE CASCADE
) ENGINE=InnoDB AUTO_INCREMENT=51 DEFAULT CHARSET=utf8mb3;
/*!40101 SET character_set_client = @saved_cs_client */;

--
-- Dumping data for table `medias`
--

LOCK TABLES `medias` WRITE;
/*!40000 ALTER TABLE `medias` DISABLE KEYS */;
INSERT INTO `medias` VALUES (1,1,'p1.jpg'),(2,2,'p2.jpg'),(3,3,'p3.jpg'),(4,4,'p4.jpg'),(5,5,'p5.jpg'),(6,6,'p6.jpg'),(7,7,'p7.jpg'),(8,8,'p8.jpg'),(9,9,'p9.webp'),(10,10,'p10.jfif'),(11,11,'p11.jpg'),(12,12,'p12.jpg'),(13,13,'p13.jfif'),(14,14,'p14.jpg'),(15,15,'p15.webp'),(16,16,'p16.jpg'),(17,17,'p17.webp'),(18,18,'p18.jpg'),(19,19,'p19.webp'),(20,20,'p20.webp'),(21,21,'p21.jfif'),(22,22,'p22.jpg'),(23,23,'p23.jfif'),(24,24,'p24.jfif'),(25,25,'p25.jpg'),(26,43,'searverit.gif'),(27,30,'vehadwasal.png'),(28,28,'areinveeve.jpg'),(29,40,'edisesle.png'),(30,30,'mever639.jpg'),(31,28,'never.png'),(33,36,'onmealwa.bmp'),(37,26,'forin231.gif'),(39,31,'henthi813.png'),(40,45,'hethieras.bmp'),(43,49,'tireisar.jpg'),(44,26,'inasthaon599.bmp'),(45,50,'oulleforwit.bmp'),(47,34,'thistihi264.png'),(48,34,'ereheheha.jpg'),(49,45,'tongeraar4.jpg'),(50,42,'orandmehis.bmp');
/*!40000 ALTER TABLE `medias` ENABLE KEYS */;
UNLOCK TABLES;

--
-- Table structure for table `orders`
--

DROP TABLE IF EXISTS `orders`;
/*!40101 SET @saved_cs_client     = @@character_set_client */;
/*!50503 SET character_set_client = utf8mb4 */;
CREATE TABLE `orders` (
  `id` bigint NOT NULL AUTO_INCREMENT,
  `user_id` bigint NOT NULL,
  `product_id` bigint NOT NULL,
  `quantity` int NOT NULL,
  `order_date` datetime NOT NULL DEFAULT CURRENT_TIMESTAMP,
  `shipped_date` datetime DEFAULT NULL,
  `shipper_id` tinyint DEFAULT NULL,
  `payment_method_id` tinyint NOT NULL,
  `status_id` tinyint NOT NULL,
  PRIMARY KEY (`id`),
  UNIQUE KEY `id_UNIQUE` (`id`),
  KEY `idx_user_id` (`user_id`),
  KEY `idx_product_id` (`product_id`),
  KEY `fk_orders_order_statuses1_idx` (`status_id`),
  KEY `fk_orders_payment_methods1_idx` (`payment_method_id`),
  KEY `fk_orders_shippers1_idx` (`shipper_id`),
  CONSTRAINT `fk_orders_order_statuses` FOREIGN KEY (`status_id`) REFERENCES `statuses` (`id`) ON UPDATE CASCADE,
  CONSTRAINT `fk_orders_payment_methods` FOREIGN KEY (`payment_method_id`) REFERENCES `payment_methods` (`id`) ON UPDATE CASCADE,
  CONSTRAINT `fk_orders_shippers` FOREIGN KEY (`shipper_id`) REFERENCES `shippers` (`id`) ON UPDATE CASCADE,
  CONSTRAINT `orders_ibfk_1` FOREIGN KEY (`user_id`) REFERENCES `users` (`id`) ON UPDATE CASCADE,
  CONSTRAINT `orders_ibfk_2` FOREIGN KEY (`product_id`) REFERENCES `products` (`id`) ON UPDATE CASCADE
) ENGINE=InnoDB AUTO_INCREMENT=51 DEFAULT CHARSET=utf8mb4 COLLATE=utf8mb4_unicode_ci;
/*!40101 SET character_set_client = @saved_cs_client */;

--
-- Dumping data for table `orders`
--

LOCK TABLES `orders` WRITE;
/*!40000 ALTER TABLE `orders` DISABLE KEYS */;
INSERT INTO `orders` VALUES (1,7,22,7,'2024-01-17 15:54:38','2024-01-01 02:13:43',8,1,3),(2,28,1,6,'2024-01-01 00:00:07','2024-03-30 14:24:33',7,1,3),(3,27,27,8,'2024-01-01 00:00:09','2024-01-07 00:04:37',10,4,1),(4,45,22,54,'2024-01-01 00:31:40','2024-02-24 14:11:03',11,2,1),(5,1,39,11,'2024-01-01 00:00:01','2024-01-03 15:28:09',4,6,3),(6,28,30,7,'2024-02-28 06:11:19','2024-03-10 22:30:03',5,3,1),(7,21,46,80,'2024-02-07 10:50:56','2024-04-13 22:38:58',11,4,2),(8,23,38,31,'2024-05-08 16:35:58','2024-05-20 04:49:56',9,4,3),(9,42,17,20,'2024-01-02 01:11:44','2024-04-18 06:20:07',12,1,2),(10,11,46,79,'2024-03-11 18:52:28','2024-03-15 11:47:57',6,3,3),(11,4,48,75,'2024-03-08 19:55:04','2024-05-06 12:16:50',9,4,3),(12,37,16,81,'2024-03-11 20:56:57','2024-04-18 02:55:22',3,6,1),(13,8,3,78,'2024-02-12 09:34:56','2024-05-02 09:24:11',6,3,3),(14,21,10,15,'2024-01-24 22:54:12','2024-01-01 00:15:23',2,6,3),(15,42,43,28,'2024-03-06 21:17:32','2024-03-13 04:29:05',1,2,3),(16,3,47,60,'2024-01-01 00:12:43','2024-01-14 16:33:07',5,3,1),(17,5,23,2,'2024-01-08 14:55:44','2024-05-30 10:48:51',9,5,1),(18,24,8,19,'2024-01-01 00:00:03','2024-05-28 12:37:43',8,2,3),(19,33,32,78,'2024-02-26 14:07:04','2024-01-13 09:32:56',4,3,1),(20,33,45,75,'2024-05-18 08:58:42','2024-03-12 12:28:52',4,6,1),(21,4,1,4,'2024-05-27 08:15:56',NULL,NULL,1,1),(22,32,36,1,'2024-01-01 00:00:05','2024-05-17 07:54:36',2,5,3),(23,22,8,86,'2024-01-01 00:00:02','2024-04-22 08:05:26',11,5,3),(24,23,12,30,'2024-02-16 18:51:42','2024-05-10 23:54:59',9,4,3),(25,47,24,90,'2024-05-27 05:48:11','2024-05-10 03:07:49',2,6,3),(26,13,27,41,'2024-01-11 03:34:10','2024-04-08 18:40:36',11,1,2),(27,41,34,25,'2024-01-01 00:14:48','2024-05-16 07:22:47',3,6,1),(28,40,15,27,'2024-01-01 00:00:02','2024-03-08 13:11:21',6,6,3),(29,37,12,3,'2024-01-01 00:09:08','2024-02-03 21:57:56',6,5,3),(30,47,21,41,'2024-05-24 18:14:10','2024-02-13 10:40:12',8,6,1),(31,13,2,50,'2024-03-10 06:22:53','2024-05-12 12:58:51',12,6,3),(32,46,44,65,'2024-03-20 05:54:03','2024-05-27 00:15:32',3,1,3),(33,19,17,11,'2024-01-01 00:08:45','2024-03-30 04:11:55',12,3,2),(34,28,9,71,'2024-04-24 15:45:50','2024-04-09 04:06:07',4,6,1),(35,19,7,63,'2024-01-01 00:00:54','2024-01-01 00:02:56',8,6,3),(36,19,34,6,'2024-01-01 00:14:52','2024-05-09 17:50:33',7,6,3),(37,4,44,20,'2024-03-28 16:07:55','2024-01-01 00:23:34',11,5,2),(38,20,40,97,'2024-01-01 00:00:07','2024-01-23 01:31:16',8,5,1),(39,43,6,22,'2024-04-14 18:25:38','2024-03-06 23:39:17',3,1,3),(40,1,34,37,'2024-01-01 00:01:38','2024-02-22 03:13:43',12,3,3),(41,20,25,96,'2024-03-17 18:39:16','2024-02-18 10:27:09',6,3,3),(42,17,14,28,'2024-04-13 14:51:15','2024-04-13 09:41:14',9,5,3),(43,12,9,37,'2024-01-01 00:08:52','2024-02-01 00:28:17',7,6,1),(44,15,50,96,'2024-02-21 18:04:19',NULL,NULL,3,2),(45,4,3,12,'2024-02-04 18:55:29','2024-05-22 11:47:40',7,6,3),(46,47,35,42,'2024-01-13 03:26:44','2024-01-01 00:03:47',5,3,3),(47,8,47,85,'2024-01-01 00:05:05','2024-03-30 05:25:20',7,2,2),(48,48,47,99,'2024-03-11 15:12:02',NULL,NULL,6,3),(49,2,8,8,'2024-05-11 21:52:41',NULL,NULL,3,3),(50,17,25,82,'2024-02-27 23:49:42',NULL,NULL,4,2);
/*!40000 ALTER TABLE `orders` ENABLE KEYS */;
UNLOCK TABLES;

--
-- Table structure for table `payment_methods`
--

DROP TABLE IF EXISTS `payment_methods`;
/*!40101 SET @saved_cs_client     = @@character_set_client */;
/*!50503 SET character_set_client = utf8mb4 */;
CREATE TABLE `payment_methods` (
  `id` tinyint NOT NULL AUTO_INCREMENT,
  `name` varchar(50) NOT NULL,
  PRIMARY KEY (`id`),
  UNIQUE KEY `name_UNIQUE` (`name`),
  UNIQUE KEY `id_UNIQUE` (`id`)
) ENGINE=InnoDB AUTO_INCREMENT=7 DEFAULT CHARSET=utf8mb3;
/*!40101 SET character_set_client = @saved_cs_client */;

--
-- Dumping data for table `payment_methods`
--

LOCK TABLES `payment_methods` WRITE;
/*!40000 ALTER TABLE `payment_methods` DISABLE KEYS */;
INSERT INTO `payment_methods` VALUES (3,'Alipay'),(1,'Cash'),(6,'Credit Card'),(5,'Debit Card'),(2,'Paypal'),(4,'WeChat');
/*!40000 ALTER TABLE `payment_methods` ENABLE KEYS */;
UNLOCK TABLES;

--
-- Table structure for table `products`
--

DROP TABLE IF EXISTS `products`;
/*!40101 SET @saved_cs_client     = @@character_set_client */;
/*!50503 SET character_set_client = utf8mb4 */;
CREATE TABLE `products` (
  `id` bigint NOT NULL AUTO_INCREMENT,
  `title` varchar(255) COLLATE utf8mb4_unicode_ci NOT NULL,
  `original_price` decimal(15,2) NOT NULL,
  `sales_price` decimal(15,2) NOT NULL,
  `description` text COLLATE utf8mb4_unicode_ci,
  `date` datetime NOT NULL DEFAULT CURRENT_TIMESTAMP,
  `properties` json DEFAULT NULL,
  PRIMARY KEY (`id`)
) ENGINE=InnoDB AUTO_INCREMENT=51 DEFAULT CHARSET=utf8mb4 COLLATE=utf8mb4_unicode_ci;
/*!40101 SET character_set_client = @saved_cs_client */;

--
-- Dumping data for table `products`
--

LOCK TABLES `products` WRITE;
/*!40000 ALTER TABLE `products` DISABLE KEYS */;
INSERT INTO `products` VALUES (1,'A high quality turkmen carpet',899.00,999.00,'Inventore molestiae sed aut quis vel illo blanditiis enim error et reiciendis est quasi eos. Laborum deserunt sit sapiente magnam tempora vitae corrupti culpa in officia laboriosam quis distinctio adipisci? Autem fugit quis ducimus quis qui aut nam natus et voluptas nihil perferendis vitae qui. Nihil et quia a velit beatae est, iste vel quo repudiandae qui provident fugiat voluptates. Voluptatem fugiat sed ab nihil unde est et unde sed et sunt sed aut est. Provident ut aperiam qui eaque velit ut, ducimus molestias quaerat minus veritatis nemo reprehenderit expedita. Iste eius, ex cumque nesciunt aspernatur provident consequatur non velit ut eum et sit ut. Nihil aliquam ipsum sit doloremque voluptate deserunt ipsam et ullam ipsa ullam deleniti voluptatem error. Velit repudiandae quis ea voluptatum quidem rem quaerat magni sit velit fugiat omnis voluptatem et. Voluptatum optio, aut eum aliquam doloribus libero error ex quo ad error tempora ut eos? Sint repellendus ducimus est ipsa odit sint sed id sed quas et non ea blanditiis! Est nobis aut culpa similique perspiciatis ipsum at optio, velit accusantium perferendis et qui quae. Sunt ratione error optio voluptatem in perferendis assumenda dolorem ut optio aliquid fugit est ipsa. Dolore facere eos quibusdam voluptatem sed deleniti est aut unde delectus tempore accusantium quis beatae! Rerum ea qui voluptatem ab natus animi corporis quia laboriosam omnis est eos vero dolor? Explicabo libero praesentium aut omnis odit voluptatem, enim ullam expedita ducimus error sit minus enim; dolore aut reprehenderit aspernatur ullam debitis, aliquam laborum magnam rerum natus et earum cumque et. Sequi qui officiis modi aspernatur sed exercitationem voluptas rerum qui quam dolorem labore ratione facilis!','2023-10-01 01:51:14',NULL),(2,'A coffee Mug',5.67,9.67,'Quaerat iusto voluptatem, tempora sint sed facilis est voluptas iste odit omnis dolores sapiente fuga. Non ipsam eius sed necessitatibus hic odio unde voluptas adipisci iure est esse et aut. Voluptate qui nulla cupiditate neque ex est deserunt voluptate ut ipsam laboriosam dolorum consequatur praesentium. Doloremque et qui dolorem officia saepe et ea pariatur sit corrupti nobis illo error perspiciatis. Voluptatem ullam sit, eum facere assumenda id natus consequatur aut veritatis rerum iste unde voluptate! Qui placeat et minima eaque numquam aut et rerum est enim obcaecati libero non reprehenderit. Error voluptas mollitia, quam et accusantium modi voluptatibus non ut quas qui sed ratione quae. Nobis ea hic, voluptates rerum iste nihil eum quia amet quae tempora magni omnis deleniti. Non nostrum saepe quibusdam impedit vitae reiciendis, sed consequuntur est qui aut esse ut quia.','2023-10-01 00:00:18',NULL),(3,'C++ Programming Language book',23.73,33.73,NULL,'2023-10-30 16:32:38',NULL),(4,'Super Comfortable Bed',691.04,761.04,NULL,'2023-11-23 18:30:23',NULL),(5,'Beautiful Handmade Turkmen Carpet',585.00,750.00,'Tempore impedit inventore omnis officia quae velit explicabo id provident iste odit veritatis obcaecati laborum. Dolore consectetur commodi a voluptatem porro eos id doloremque voluptatibus reiciendis beatae et corrupti iste. Error ut labore neque ipsam corporis nihil id qui ex quo sapiente ea deserunt velit. Voluptatem mollitia, consectetur in nam praesentium magni rerum commodi expedita enim velit unde minima dignissimos. Eius autem perspiciatis repellat est eaque officiis vel saepe exercitationem fugit eos itaque cupiditate eius! Voluptate et magnam qui quia veritatis ut iste consequatur vel perspiciatis culpa reprehenderit aut natus; fugit dolor voluptatum illo quis et quod amet est voluptas commodi delectus eum qui sequi. Error iste, odit dolor sed dolores voluptatum ab magnam enim dolore dolorem sit et sit; vero est officia sunt ea quasi est voluptatem iure laborum dolores est odit praesentium aliquam? Eligendi quia architecto reprehenderit aut quisquam aliquid iste vel sit qui ea temporibus maiores enim; accusantium veritatis officia impedit aliquam quia sint velit officiis unde et a sit amet fugiat. Eos eius, laboriosam iste sit voluptate voluptates quam unde eius amet sed pariatur dolores qui. Quidem ut molestias aspernatur ipsam dolor iste fugit tempora error sit est minima repellat inventore. Error et ea ipsam aut omnis porro dolorem nobis aut iusto suscipit omnis qui quos. Voluptas incidunt et adipisci consectetur tenetur officia dolores debitis sed quia voluptas et error eum. Tenetur voluptatem in explicabo sit qui facilis voluptatum quasi error sed inventore sapiente commodi minima. Aut delectus est inventore iure error rerum dolorem minus temporibus laborum corporis repudiandae exercitationem sunt...\r\nQuibusdam voluptatem aperiam voluptatum est ea modi nemo iusto et quo earum ipsa nam labore. Quisquam omnis reiciendis unde vitae tenetur placeat, omnis magni ut aut qui explicabo praesentium ullam. Voluptatem rerum vel rerum distinctio unde voluptatem qui laborum neque perspiciatis voluptate quia aut sint; architecto sit quae sit et quod nam sed unde sed sunt voluptatem fugiat autem impedit. Tenetur sit nihil possimus ut quis, perspiciatis saepe natus sit quam aut mollitia consequuntur accusamus. Est nobis cum nisi id assumenda numquam unde voluptates nemo iste cupiditate, pariatur qui voluptate. Est unde perspiciatis inventore iste error sit quia exercitationem explicabo recusandae id est ipsum cumque; totam dolores exercitationem excepturi et est aliquam nemo totam debitis obcaecati quae molestiae qui eos. Quas error alias sit id inventore nihil assumenda nam aut error quas saepe eos impedit. Sequi non dolores ratione sed voluptatem fuga molestiae culpa fugit iste cupiditate possimus architecto vero. Molestiae deserunt accusamus, natus quam sit in adipisci id pariatur ipsam optio ipsam at ut; est ut et perferendis et sit libero nam ut eveniet unde dolor facilis saepe voluptas. Non quam mollitia dignissimos aut alias eius quis sit quia atque dolores voluptatem quibusdam dolor; sed est nam quia ut at et, voluptatem excepturi ab neque id eos voluptas molestiae. Omnis expedita natus sit nisi magni dicta in velit, nulla sunt deleniti eum ipsum inventore. Iure autem iure corporis dolorum eaque facere autem ullam aperiam similique harum qui rerum error. Sequi corrupti quis iste dicta et omnis nemo sed atque eaque recusandae id at accusamus. Corporis libero voluptatem ad, accusamus fugit ad sunt doloremque laboriosam omnis mollitia tempore sint quasi. Sit aut ipsa provident, dicta enim ratione qui cupiditate ut necessitatibus eum facere sunt sit! Architecto error dicta perspiciatis expedita sunt voluptas voluptatem ipsa quis autem officiis suscipit eos obcaecati.','2023-10-04 06:24:44',NULL),(6,'Dining chair',39.24,49.24,'Ab dolores sit, totam eligendi sed natus reiciendis vel voluptatibus consequatur sit explicabo quidem numquam; nulla soluta odit voluptas cupiditate officiis dolores et mollitia cumque sed ea id omnis eum. Alias non deserunt corporis sed laborum inventore aut consequatur quae fuga repellat sit perspiciatis quod. Natus cum perspiciatis sed eaque repellat minus ullam tempora mollitia facilis qui iure deserunt adipisci. Necessitatibus sunt quis nulla provident tempora, odio et nesciunt nihil quia incidunt nesciunt nulla dolor; maxime quibusdam, iste molestias possimus et dolorem aut quia quis quae dolorum dignissimos eos accusantium. Et nisi aut omnis error quod delectus sed nostrum rerum suscipit consequatur sint sit facere. Rerum ipsum rem temporibus itaque tenetur dolorum illo perferendis, consequuntur aspernatur debitis omnis vero vel. Voluptatem esse nesciunt repellendus esse ipsa facere placeat unde sed repellat dicta est sit placeat. Voluptatem sit dolores voluptas sint natus earum at natus et, aut dolorem tempore sunt velit. Assumenda sed natus ratione odio soluta esse delectus quasi culpa soluta sapiente eligendi eius id! Dolores voluptates, ex quis nemo repellat aut numquam ipsum dolorum dolorem harum doloremque distinctio obcaecati. Perspiciatis magnam perspiciatis iusto ut rem maxime dicta, labore vitae fugiat accusantium qui eos sit; dolore iste accusantium vitae ex enim aperiam quasi autem, tempore iste ex a voluptatem quae.\r\nVelit eum doloremque in quibusdam voluptatem exercitationem ut velit error harum quae perspiciatis quaerat quasi. Tempora enim nostrum voluptatem exercitationem excepturi culpa perspiciatis consectetur quidem omnis ut atque iste voluptatem. Quas ad est earum soluta numquam sed error quas explicabo voluptatem veritatis eveniet ut qui! In illum sed soluta necessitatibus aut enim explicabo aperiam aut quaerat reiciendis quo ut consequuntur. Non laboriosam adipisci ut ab, aut et sit et voluptate ut dolorum ut quis et. Incidunt molestias nam autem et molestias ut ab voluptatibus dolorem rem nisi rerum aut voluptatibus. Natus dolor corporis reprehenderit aperiam in maiores omnis quisquam laboriosam facere accusamus unde nisi sunt! Sunt explicabo deserunt autem corporis rerum sed quisquam et consequuntur quidem quod sapiente itaque est. Autem illo asperiores doloremque officia doloribus est perferendis distinctio incidunt dolores quibusdam velit modi odit; dolorum nihil laborum quaerat ipsa quia corporis qui, at temporibus labore odit sed totam itaque. Illum omnis quo soluta tempora iusto doloribus odio est voluptates quo sapiente rerum nihil ut; architecto ea, et fugit iusto aut et laborum nihil laborum praesentium voluptatem sint et possimus. Aut eveniet veritatis eveniet est numquam sed error reprehenderit temporibus doloribus veritatis, minus architecto est! Vitae totam voluptatem sit autem veniam obcaecati voluptatem corporis aut et error harum et voluptatem. Qui dolores rerum praesentium natus, itaque quae rem numquam perferendis eum hic ut nesciunt vel. Nisi explicabo sed, vel rerum vitae est debitis in ipsum architecto labore vel molestiae temporibus; est iste nam qui obcaecati necessitatibus omnis ratione facilis ipsam corrupti eius et sed enim. Libero corporis voluptatum mollitia aut voluptatem fuga voluptatem tenetur soluta sunt quaerat iste aut ex. Repudiandae quisquam omnis odit maiores iste obcaecati itaque sunt iste unde ut voluptatem corporis aperiam.','2023-10-04 07:48:20',NULL),(7,'Table',89.99,99.99,'Architecto sed sit doloribus debitis nostrum velit ducimus voluptatem non dolores error quis dolorum mollitia. Quidem eveniet repellendus sed natus magnam incidunt harum libero est velit tempora placeat voluptatem minus. Est dolores ut dolor dolore officiis error quos doloremque et unde dolor officia reiciendis eaque. Qui repellendus unde est tenetur, quidem neque aut neque rem aut consequatur ut vitae atque? Ut autem quae dolores tempora quod, adipisci architecto deserunt sit eum inventore voluptas qui doloremque; vitae recusandae vero sed magni beatae obcaecati et ut sed explicabo sit et maxime repellat; impedit nihil impedit doloremque aut facilis cumque vel voluptatem hic alias enim illo omnis harum. Voluptatibus necessitatibus quos soluta perferendis, suscipit molestiae quam repudiandae quae quibusdam vel voluptatem deleniti repudiandae. Accusantium laborum ut voluptatem blanditiis sed sunt iste voluptas consequatur omnis et tempore perspiciatis error? Aut quis voluptatem adipisci inventore sunt pariatur consequatur quis dolore ut nostrum dolorem rerum soluta! Perspiciatis voluptatem odio eos praesentium ut sit quo id placeat omnis est qui illo excepturi. Aut cum sit, explicabo dignissimos magnam aliquam deserunt iste similique impedit quae magni error consectetur. Non tenetur est ut aut repudiandae voluptatem, omnis saepe sed quidem natus aut id officiis. Est natus sit ex, ut magni voluptas voluptatem distinctio molestiae ea mollitia velit perspiciatis eos! Exercitationem doloribus harum ipsam error, expedita nemo soluta ipsum numquam laboriosam deserunt cupiditate unde debitis...\r\nEt sit et accusantium magni vel provident ut autem et ipsa esse consectetur animi iure.\r\nEnim et corrupti voluptatibus harum dolorem quae ducimus sed aspernatur aliquid rerum assumenda voluptatem dignissimos. Minima sed ex neque quos, nihil alias deleniti et eaque voluptas omnis et ipsam tenetur. Minus pariatur quas inventore eius alias ut accusantium perspiciatis eaque eius corporis quasi dolores quia. Iure eos mollitia nihil error quisquam voluptas veniam et quam ipsa necessitatibus corporis incidunt magnam. Dolore dolor ea officia obcaecati aliquid molestiae fugit repudiandae maiores magnam ea voluptatem consectetur sed! Officiis et voluptatem et voluptatem doloremque nobis recusandae non iure sed unde dolore sit perspiciatis. Ratione harum laudantium architecto sit provident sit sed sequi nemo excepturi laudantium corrupti sit consequuntur. Aut rerum tenetur eos perferendis fugit officiis dignissimos laboriosam explicabo ad porro quasi magnam vel.','2023-10-01 00:00:44',NULL),(8,'Gurgaon Sofa',393.07,433.07,'Cupiditate alias facere qui illo nulla molestiae dolore unde similique est quos, minima accusantium voluptatem. Eum nisi sit natus sed sunt, quia reiciendis odio consequatur rerum pariatur et voluptatem iste? Dolorem deserunt quos laudantium sed commodi voluptas facere optio, accusamus ut sed aliquid consequatur ipsum! Alias minus error sit omnis aut consequatur commodi dolorem ut voluptate hic porro aliquid quis. Eaque qui iste natus quibusdam sed debitis molestiae consectetur est et dolorem velit enim porro. Quia ab quas laborum ipsam et aut repudiandae sint qui doloremque non explicabo id nostrum. Culpa sed architecto quia optio inventore veniam, quisquam neque saepe magni fuga cupiditate ut pariatur.\r\nRerum impedit fugiat modi deleniti mollitia maxime sed est aut ut culpa autem aut dicta. Est distinctio et sit delectus labore libero quos doloremque quis necessitatibus et enim accusantium hic.\r\nAccusamus velit tempora sed voluptatum quis et vel nobis vel nesciunt rerum tempora ut autem. Quae odio, sed ullam reiciendis nemo nobis odit sit sed sint quae vitae et illo. Est quas voluptatem porro, rerum magni eligendi ut dolores perspiciatis at dolores neque error atque. Ipsum ut et eos magnam tempora voluptate corporis impedit numquam ullam doloribus sint sapiente ut. Illum dicta earum ipsum est eligendi qui enim odit minus atque, a ipsam ab iste! Vero fuga aliquam velit dolores omnis reprehenderit natus fugiat ipsa possimus laboriosam ut aperiam eveniet; sunt assumenda soluta facere, omnis quia placeat ducimus ad animi a sit vitae velit tempora? Eos consectetur sed illo quas sunt pariatur illo sit omnis sed doloribus cumque voluptas ex. Cupiditate libero, nobis dolores quia et provident omnis reiciendis voluptatem perferendis odio et earum consequuntur.','2023-11-06 06:47:38',NULL),(9,'A handmade high quality turkmen carpet',4000.00,4999.00,'Quibusdam asperiores nihil dolorem voluptatum doloribus obcaecati magni vel, voluptas quibusdam eius aliquam est perspiciatis. Ducimus libero dicta omnis repudiandae nisi ipsum reiciendis id quia sed sunt et asperiores omnis! Perspiciatis quia quibusdam harum unde doloremque omnis quia facere illum illo ipsa at voluptatum consequuntur. Quia sit cumque est sit ut voluptatum doloremque aspernatur laboriosam omnis quibusdam accusantium et magnam? Quos natus sed unde iste laudantium ratione illo dignissimos porro iste quo odio sit aperiam. Molestiae id ea sed rerum illum repellat sit aut odio ea et modi optio alias; maiores dolorem est rerum iste voluptas omnis maxime aspernatur iste odit a sunt dolorem error. Doloribus optio similique iste dignissimos aperiam natus ut maiores sit illum corporis et officiis obcaecati.\r\nVeritatis non veritatis, ratione unde quos sed nemo perferendis qui corrupti sit esse perspiciatis voluptate. Ex quidem omnis eos perspiciatis vel libero inventore unde error, nihil eum assumenda omnis nesciunt! Nesciunt consequatur natus sit qui quae aut sed dolores quae consequatur quo et ratione mollitia. Error consequatur omnis velit sint deleniti fuga vel modi porro ad quas ut natus ducimus. Voluptas et quam eius sed dicta cupiditate dolorem sed sint dicta reprehenderit voluptatem eum molestiae. Est sunt quia vel aut minus unde perspiciatis est molestiae error maxime molestiae facilis sequi! Mollitia reprehenderit quisquam libero praesentium quia dolorem ratione et sint cum voluptatem odit saepe error? Voluptas error voluptates, voluptas illum natus ut culpa quia nisi debitis nisi sunt aut omnis! Odio repudiandae natus tempora minus vel velit vero ex dolorum dolor quas numquam velit repudiandae. Aperiam est tempore facere, est deserunt odio exercitationem et sunt expedita quia temporibus voluptatem quaerat! Rerum praesentium doloribus ratione labore incidunt voluptatem error quam laudantium explicabo quibusdam laudantium perspiciatis fuga. Natus beatae ut iste quaerat laborum at voluptatem delectus, id maxime qui quia exercitationem dolores! Voluptatem laborum accusamus, commodi aperiam eligendi sit veritatis amet quisquam obcaecati est tenetur veritatis aut.','2023-11-09 21:11:49',NULL),(10,'Headphone',10.61,15.61,'Perspiciatis commodi sit ad consequatur eligendi eum et, nostrum praesentium aut suscipit vel voluptatem qui. Neque delectus dignissimos, vitae quia laboriosam facilis ea aliquid voluptatibus deleniti voluptatem quis accusantium est? Repudiandae quos voluptates recusandae quas rerum illo voluptatem ut dolore sequi reprehenderit nostrum sed nihil. Nihil consequatur vitae totam quia voluptatem iste et consequuntur necessitatibus officia in fuga omnis aspernatur. Voluptas sed quae temporibus praesentium veritatis commodi in non natus quia tempora dolorem ut voluptas! Praesentium ipsam, omnis eos perferendis dolorum sed impedit nemo amet tenetur natus error omnis illo? Et cupiditate ab deleniti possimus quia impedit ipsam autem ea ut non velit pariatur eos. Numquam aut, non perspiciatis iste quod eum consequatur natus inventore adipisci aut blanditiis hic dolorem! Quod veniam et unde blanditiis eaque perferendis maxime odit cum qui itaque harum eaque error. At alias ea in vero est obcaecati dignissimos soluta hic ut, est velit dolores perspiciatis! Sed nihil ut quas ea sed expedita voluptas nostrum nihil optio sit aut in perspiciatis. Quod voluptatem natus sed facere et ex quae non itaque provident labore quidem modi soluta! Adipisci aut laboriosam itaque ea non maiores eos pariatur non neque provident voluptatem id reprehenderit. Nihil dolores sit et dolor consectetur tempora qui iure sint exercitationem natus et minima tempore.','2023-11-04 17:51:23',NULL),(11,'HP Laptop',783.11,863.11,'Consequuntur sed ut temporibus alias ut error illo omnis perspiciatis omnis consectetur aut sapiente itaque. Omnis rerum sint sit error reiciendis qui expedita ad facilis beatae voluptatem unde doloremque ut. Accusantium veniam nesciunt illo facere quod facere in architecto et nemo labore tempore vitae et. Ut voluptate quo ea deleniti corrupti harum ducimus non ab voluptates et consequatur nihil qui; omnis et, doloribus ea sed eius tenetur voluptatem dolor dignissimos numquam nihil dolorem unde incidunt. Omnis sit odit aperiam amet, ipsum accusantium repellendus ab cumque saepe expedita cum placeat non. Eum perspiciatis quis consequatur ea voluptatum fugit alias, numquam et a voluptatem numquam quae voluptatibus. Consectetur officiis rerum voluptatem suscipit consequuntur et illo quae sunt harum consequuntur ut labore aut. Qui ut maiores error incidunt neque optio quis quia vel quia culpa ducimus magni voluptas. Omnis aperiam eum non officia rerum suscipit aut sit, quia asperiores officiis autem accusantium dolorem. Illum quaerat consectetur enim hic dolores mollitia ex amet doloremque voluptatem voluptas error tenetur ea. Unde dolor ratione amet nemo asperiores obcaecati beatae recusandae placeat ut id fugit et placeat! Neque molestiae assumenda inventore officia placeat vero vel repellat amet error eos beatae id sed. Quo nisi sit minima voluptatem quaerat quam a nostrum magnam aut laborum ut eligendi laudantium! Esse perspiciatis non et sed in aut aliquam non at unde esse error dolore unde.\r\nMagnam tempora sit quos exercitationem eius ab iste tempore doloribus sed ipsa ut consequatur quia. Ut distinctio provident officiis et rerum in et sed fugiat praesentium sed reiciendis a in. Sed deleniti ut blanditiis architecto excepturi dolorum rem eos odit quod corrupti eligendi iste et. Nostrum laboriosam, labore voluptas et esse vel distinctio expedita unde dolores eaque ut ipsam officiis. Perspiciatis cum voluptatem accusamus deleniti vitae asperiores quaerat doloribus cum consequuntur quisquam cum numquam qui. Voluptatem sed suscipit quasi vel aperiam possimus natus et consequuntur quis et quos non consequatur! Enim voluptas velit suscipit unde consequatur nostrum deleniti, commodi tenetur possimus enim incidunt modi reiciendis. Perferendis repellendus nisi ea omnis porro nam sunt eos est voluptas officia enim dolores omnis! Modi repudiandae est similique recusandae consequatur labore provident similique atque provident velit sint aut corrupti? Neque nulla ullam, omnis fugit minima aliquid consequatur ut nulla iste recusandae quasi enim totam! Qui dolore rerum odio illum aperiam delectus vero eius sed labore omnis velit nemo omnis. Eligendi maxime rerum sit consectetur animi dignissimos est velit tempore earum odio exercitationem praesentium eligendi; iste vero deleniti impedit qui eius perspiciatis repellendus soluta quod sed ipsa culpa beatae atque. Unde dolor sed id eos et sit quidem repellat ut, quia nihil voluptatem voluptas exercitationem! Laboriosam sint consequuntur dolores quos commodi omnis id porro ea quos sed temporibus natus rem. Magni ut eaque esse animi voluptatem laboriosam aperiam dolores quia eum corporis ipsa sit vel. Sint commodi dolor officiis facere et iste ut ipsam magni modi eligendi sit nobis ut. Aut alias nam aspernatur, molestias optio nesciunt saepe quisquam dicta in explicabo quod iste voluptas!\r\nSed commodi pariatur rerum pariatur ut unde necessitatibus rerum porro vitae quis quia et ut. Fuga quas voluptatem at incidunt amet fuga esse est delectus iste quia hic perspiciatis sunt. Dolore ratione debitis cum id voluptatibus doloribus omnis qui iste est voluptas placeat et reprehenderit! Qui id sed sunt ut error quis obcaecati distinctio consequatur sit natus consequatur iste quam. Error ipsam iste sed id assumenda nam maxime ad minima neque quia neque ipsa fugit! Excepturi et aspernatur distinctio, tempore officia blanditiis laudantium animi doloribus itaque voluptas accusamus consequatur at. Possimus dolorem voluptatem qui officia totam et quis autem tenetur doloribus atque optio et aperiam. Iste deserunt quasi dicta cupiditate aut ut quidem sit in id tempore doloremque suscipit rerum. Reprehenderit ab cumque libero deserunt sed, enim quis eaque ut asperiores omnis sapiente unde ea!','2023-10-01 00:06:24',NULL),(12,'Indian Style full salon',948.22,1048.22,NULL,'2023-10-01 00:07:38',NULL),(13,'Iphone 15',800.00,999.99,'Recusandae aut nobis nemo velit natus optio, et cumque sed voluptatum et consequuntur recusandae omnis. Quae in quas id, corporis voluptatem fugit pariatur omnis consequatur rerum perspiciatis nobis unde qui. Dolorum voluptatum non dignissimos temporibus assumenda reprehenderit est eos assumenda quia eos iste quisquam laboriosam. Nam sunt illum, doloremque perspiciatis nesciunt consequatur atque reprehenderit atque sint repellendus quod possimus molestiae. Sunt ipsam, itaque sed eligendi minima aut dolores voluptas quis dolore omnis numquam quis delectus! Eos dolorem eum voluptas iste voluptatum adipisci est necessitatibus, minima ut libero aut enim quisquam.\r\nQui et sunt incidunt nobis labore fuga omnis blanditiis earum placeat obcaecati ut totam laudantium. Assumenda quis, delectus assumenda ipsam qui excepturi dolores fugiat totam et commodi at ipsam ducimus. Sunt doloribus unde assumenda magnam assumenda repellat voluptatem sed dolores sed nostrum aut quia sed. A quas adipisci laudantium voluptatem alias fugit maiores quia deleniti adipisci voluptatem dolorum error adipisci! Enim exercitationem error dolore laudantium repellat fugiat non unde est iste nihil iure voluptatibus tempora. Nesciunt et delectus unde veniam qui perspiciatis eius voluptatem aut molestiae iure perferendis iste sint! Ex sunt dolores minus tempora id assumenda et eligendi quam nihil ab fugit sit eos; incidunt labore incidunt nihil accusamus tenetur minima rerum debitis quis quia sunt natus et laboriosam. Voluptas et numquam hic omnis sunt obcaecati illo rem officiis unde commodi dolor rerum eaque? Eum temporibus ut sapiente accusantium adipisci rerum aliquam ut error sequi consequatur facilis qui rem. Id veritatis dignissimos iusto dolores aut dolores et blanditiis quia odit ipsum itaque, dolores consequuntur.\r\nQuisquam voluptatem et debitis ipsum ea velit provident magnam deleniti neque assumenda tempore laudantium sit. Praesentium temporibus, culpa ipsa facilis nisi dolorum natus sunt distinctio aspernatur molestiae obcaecati sit rerum. Eaque labore quia aut, minima quia vitae distinctio optio adipisci non similique architecto odio nostrum? Fugit vel enim mollitia autem molestias, corporis sunt cum quia quis est neque iste eos. Omnis fugiat ex pariatur quo a doloremque ut maxime unde quas sed in laboriosam omnis. Quia et, laudantium neque ab aut nisi iste beatae possimus natus accusamus officia quos officia.','2023-11-28 16:05:06',NULL),(14,'JavaScript book',25.93,35.93,'Veritatis ut quibusdam iure voluptatem culpa totam nesciunt error aut explicabo ut in sed totam. Natus blanditiis et incidunt nobis iste molestiae ut non, natus quasi beatae unde amet minima. Quas distinctio error at, nesciunt ut quasi qui molestiae maxime quam commodi in sapiente provident. Officia delectus sit assumenda dicta omnis neque, voluptate explicabo earum eum exercitationem aliquam soluta et! Error officiis ipsum velit voluptatem impedit et, nam debitis assumenda asperiores dolore magnam veniam et. Esse deserunt vitae perspiciatis eos voluptatem omnis id nobis qui necessitatibus tempora fugit provident cupiditate! Perferendis qui libero corrupti adipisci quasi ea ut explicabo non quia porro omnis voluptatem velit.','2023-10-01 00:07:56',NULL),(15,'Air conditioner',643.35,713.35,'Sit aperiam et, ut molestias similique eius corporis natus dolore voluptatem quia qui tenetur error; quis aspernatur est dolores natus deleniti, sint eum magnam ut veritatis dolore quis eveniet quidem? Veritatis id unde repellendus aut voluptate pariatur consequatur et aut natus fugiat ratione nihil voluptatem! Voluptatum dolores recusandae et ad sed et est consequatur aliquid sit molestiae distinctio vel repudiandae. Perspiciatis adipisci non est molestias quo perferendis nostrum recusandae a, facere quibusdam cupiditate neque laborum! Et ea ratione odit vel inventore sit tempora a quia in sunt perspiciatis sit qui. Aut sit sed omnis tempora cupiditate molestias necessitatibus dolor ut saepe est temporibus ut rerum. Eos laboriosam numquam sed aperiam nemo corrupti laboriosam itaque delectus quo aut vel modi ut. Soluta praesentium cupiditate ut at, voluptatibus aliquid est odio aperiam sit et deleniti repellendus doloribus. Ut saepe, unde voluptatum repellendus sint ipsum modi corporis eos sed ut officiis qui velit. Dolores fugit quia voluptas ab laudantium culpa est doloremque dolor et omnis explicabo architecto natus; eius unde quia natus sequi nihil rerum sunt saepe molestias ut odio non sequi voluptatem. Sed minima corporis porro, laborum blanditiis dolore ut quia velit deleniti sit voluptas perspiciatis possimus. Voluptates odio voluptatem eos unde fugiat nihil aut eos mollitia sit fuga obcaecati placeat necessitatibus. Omnis incidunt rerum quam accusantium, quia quisquam sint assumenda corporis et sed corporis nam nemo. Eaque omnis sunt exercitationem sit illum architecto velit et nihil quod et delectus blanditiis quia. Eos sed consequatur saepe perspiciatis saepe blanditiis eius accusantium sed commodi aut natus sed impedit. Atque ullam laudantium quod consequuntur error dolorem voluptatem eveniet qui modi ut eum accusamus laudantium.\r\nObcaecati nobis in voluptatem exercitationem beatae qui itaque autem error ut ad et vitae quo. Praesentium earum maiores cumque dolore officiis iste dolore voluptatem qui vel expedita explicabo consequatur nisi. Quia alias voluptatem numquam necessitatibus id unde ipsa explicabo voluptas ad ipsa repellendus consequuntur dolorem. Perferendis qui nemo id odio veritatis omnis nam odio vel perspiciatis laborum non temporibus sit? Vero quia quisquam dolore dolorum, culpa omnis voluptates ut iste error odio eum ad quasi.\r\nVoluptates error hic iste ipsum laudantium tempore natus voluptatibus et deserunt expedita dolorem dolore non. Sint earum aut et nisi delectus accusamus ipsum fugit eum praesentium, reiciendis quam voluptatem iste. Amet rem explicabo et, excepturi est ipsam maiores consectetur ut perspiciatis ad sit iste ullam? Cumque corporis iusto reprehenderit ut eveniet est et voluptates fugit rerum vero voluptatem eius illum. Molestiae eum sed, libero excepturi sed velit tempore similique quibusdam voluptate placeat cupiditate sit laudantium. Adipisci repudiandae est temporibus sunt sit animi id voluptatem laudantium qui dolorem beatae quos omnis.','2023-12-14 19:20:16',NULL),(16,'Macbook',1500.57,1750.57,'Doloribus eaque sed, est sit nihil reprehenderit dolorem aut quia nam reiciendis sed voluptatem itaque. Possimus eum obcaecati esse in vel inventore autem nemo enim aperiam qui error natus odit.\r\nVoluptatum dolor itaque asperiores quia numquam labore omnis repudiandae ut est voluptates qui ducimus sed. Ut rerum quaerat eos nulla reprehenderit illo quidem hic quidem atque suscipit quod dolores et. Nesciunt reprehenderit aspernatur soluta omnis autem recusandae repudiandae ut sunt et delectus ipsam et vitae. Labore voluptatem sunt quis obcaecati quidem illum et qui, dolor perspiciatis voluptatem consequatur accusamus laudantium!\r\nAb nobis unde hic voluptatem vel, adipisci ut atque consequatur quam consequuntur beatae magnam ut. Beatae unde inventore quibusdam, totam officia beatae suscipit repellendus vero ipsa officia ut recusandae aut. Quam qui laboriosam delectus accusantium iusto iste et voluptatem facere consequatur alias a nisi est! Dolore in veniam natus quod eveniet et ut itaque laboriosam omnis quis dolores voluptatem modi. Tempora qui dolor qui ut quam sit et vel enim exercitationem et enim et consequatur. Sit eius et ea incidunt iste explicabo ratione voluptatem cumque eaque aut iure perspiciatis nostrum. Voluptatem iste in debitis commodi error sequi nulla quis earum tempora amet rerum et consequatur. Sunt enim ipsam perspiciatis dolore ut nesciunt voluptatibus expedita enim voluptates porro et sit pariatur. Iste quia et rerum provident odit autem ratione, sed provident dicta omnis amet repellendus iste. Perspiciatis ipsa natus et quas omnis facilis qui consequatur natus ut quaerat qui perspiciatis quidem! Perspiciatis eveniet inventore vero odit qui alias voluptatem deserunt est iusto quidem quia numquam ut. Sit ea nulla exercitationem et cum similique dolores nostrum porro non omnis quidem excepturi libero. Sit harum, qui sed voluptas aut facilis repudiandae dolorem laborum ut dolorum quos sed voluptas? Iste voluptatibus aut sed fugiat quis omnis eos ducimus aut quos aspernatur aperiam eos quae. Harum voluptas fugiat voluptatum tenetur alias ea, alias aut eum deleniti qui beatae velit eaque.','2023-11-23 19:22:26',NULL),(17,'Child clothes',262.12,292.12,'Exercitationem ipsa nihil fugiat quidem eaque, perspiciatis est sit dolores illo unde architecto natus unde. Fugit modi et veritatis aut dolor et ipsam distinctio et qui asperiores omnis, error maiores! Natus voluptatem omnis soluta voluptatem unde et error quidem est a atque unde error ut. Molestiae perspiciatis aperiam necessitatibus doloribus, enim provident quas natus quisquam excepturi ea architecto laborum iure. Similique ullam sit eveniet rerum ut ad tempore voluptatem quibusdam quo incidunt distinctio alias iste!\r\nQui quisquam, quia est odit impedit molestiae pariatur quia voluptatibus incidunt quia est labore sit. Tempora repellat provident accusantium placeat laboriosam et obcaecati, vel quia qui a voluptatibus porro id; eius modi consequatur unde sit et nisi est accusamus quibusdam unde vel placeat inventore rerum; nesciunt nisi veritatis error doloremque minima fugit est voluptate est qui labore voluptas delectus minus. Voluptatem error eius aperiam et excepturi soluta dolore aliquam nihil rerum et sint eveniet accusantium. Deleniti deserunt cumque et explicabo architecto deserunt molestiae omnis sapiente ipsam facere libero quidem natus. Quaerat consequatur est eos, et in quo ut aspernatur quo qui quasi et aspernatur dolores. Id consequatur, tempore et sit et ut illum recusandae perferendis aliquid commodi laborum quia sunt. Qui cum non in aspernatur natus nesciunt aspernatur voluptatem velit et incidunt et voluptatem dolores. Unde iste sed beatae culpa aliquam, modi ad sit nesciunt natus quisquam eveniet veritatis soluta.\r\nVoluptatibus nemo rem voluptatem omnis quia enim explicabo, quidem earum ea nihil aut incidunt at. Corrupti et hic veniam sed unde quisquam, ut dolorem excepturi expedita maiores dolore et sed! Nobis est qui consequatur consectetur enim beatae nesciunt non repudiandae sed et autem voluptatem reprehenderit. Voluptas fugiat, quia architecto aspernatur veritatis voluptatem sit rerum unde expedita natus et sed natus. Voluptatem placeat amet ullam, dolorum magnam qui itaque voluptate rerum sit non qui et neque! Iure ex maxime voluptatem facere necessitatibus sit ipsam blanditiis est ad debitis velit et dolores. Sit similique error laborum, perspiciatis tenetur doloribus ex in dolore illo qui hic maxime non. Delectus unde, fuga et molestiae nemo aut harum amet accusamus magnam aut sapiente similique consectetur. Et velit quas aut sunt, dolorem ut et ut eaque laborum eos nisi voluptatem facere. Animi incidunt dignissimos perspiciatis possimus omnis eum quo et beatae ex nam ut quisquam sit! Consequatur perspiciatis asperiores omnis minus nulla quia quasi ipsa perspiciatis repellendus quis incidunt ut nobis. Nulla iste et ratione autem alias autem sit ipsa sed qui officia autem, est facere. Sed et tempora voluptatibus tempore molestiae et sed unde et tenetur et vero totam itaque; quasi provident, et accusamus rerum et omnis ex earum possimus ut distinctio voluptatum eos perspiciatis? Exercitationem laudantium impedit qui aliquam quaerat omnis id quia facere minima dolor aperiam nesciunt quam.','2023-10-14 02:21:24',NULL),(18,'Apples',10.84,15.84,'Incidunt ut aut at, repellat a rem excepturi autem magnam nemo voluptatem quisquam voluptatem consequuntur. Incidunt dicta iste aut doloribus delectus quis pariatur, eaque fugiat quod hic non sit qui! Recusandae dicta delectus numquam est nostrum sed ullam, ipsam totam magnam numquam odio saepe quam. Commodi hic corporis et animi quasi repudiandae sed iste quaerat adipisci ut error alias magnam. Qui id omnis eos enim quod culpa ex ipsam voluptas libero quibusdam vitae voluptates obcaecati? Accusamus libero ut quibusdam voluptas a dicta et rerum, eum itaque fugit veritatis deleniti ducimus!','2023-11-26 18:00:19',NULL),(19,'Adult clothes',109.49,129.49,'Sint est voluptas cupiditate optio ipsam qui voluptate ad nemo molestiae amet dolores delectus veritatis. Perspiciatis quibusdam est, in enim autem omnis modi voluptatem enim ipsum magnam sunt illum distinctio! At iure animi ut vero eos ut et tenetur natus nihil ipsam earum quia quasi. Consequatur omnis eos labore porro fuga deserunt facere ut nostrum sed autem et vel sit. Doloribus totam tempore corrupti, similique ea dolores dignissimos veritatis sed minima nihil qui ut unde. A doloribus ea et ut nesciunt et est dolorum omnis et ut aut doloremque quo. Sit quo ad qui sapiente dolor voluptatem voluptas perferendis quaerat iusto placeat optio earum aspernatur! Et ut in aliquid, ut accusantium quos et perspiciatis quaerat illo vel harum eos dolor? Velit quo error consequatur non autem sunt praesentium rerum eos accusamus veritatis rerum magnam quisquam. Nobis sit ut perferendis hic, dolor doloremque error sit nihil autem quam veniam voluptatibus cumque! Et quia, impedit ipsa nesciunt omnis et consequatur voluptatem maiores nisi nobis nisi voluptas facere. Eos rerum, ipsam odit quos rerum nesciunt et eligendi voluptatem perspiciatis et voluptatibus nulla ut? Omnis eos et velit, soluta libero fugit rem impedit et eius in unde provident dolor; tempora doloribus rerum aut autem ipsa corrupti eum optio sit odit consequatur, omnis eius possimus. Fugit consequatur beatae aperiam magni est dolores sit nostrum sit officiis natus vel autem omnis. Deleniti quaerat qui ea ut mollitia perspiciatis alias sed magnam quo praesentium atque consequuntur assumenda.\r\nEius quia itaque autem iure enim qui sed maxime qui fuga voluptatem amet ut dolorem. Vel earum nostrum error nesciunt tenetur officia ab eos alias doloribus quia ut sapiente voluptatem!\r\nEt voluptatem aliquam repellat alias dolorum dolor quasi cupiditate incidunt corporis voluptatem expedita quisquam sapiente. Nostrum laudantium quis rem ipsam debitis harum praesentium illo odio possimus sapiente optio enim in. Repudiandae neque ducimus vitae commodi unde consequatur quo quaerat repellat et quasi dignissimos aut explicabo. Quis repellat consequatur exercitationem assumenda unde quas quos error impedit aut odio tenetur praesentium ut. Veritatis error enim aut et voluptatem aut quas tempora qui odit est illum dolores qui! Velit totam enim sequi sapiente voluptatibus quod deserunt labore numquam facere quasi ducimus eaque omnis. Rem voluptatem quia accusantium voluptates consequatur pariatur aspernatur iste beatae laudantium numquam et ea impedit.','2023-10-15 00:30:34',NULL),(20,'Pro Java Programming book',54.03,64.03,'Soluta commodi, omnis consequatur aut sed dicta porro eveniet adipisci quia soluta quo vel numquam. Qui in, nihil consequatur sequi nobis aut et qui autem unde et fugit sit neque! Similique voluptatem provident magnam voluptate atque ex odio architecto eos repudiandae suscipit beatae ut est. Iste debitis soluta quidem id placeat id perspiciatis doloremque consequatur ipsa tenetur repudiandae ut sed. Nemo deserunt sit consequuntur, aut dolore harum veniam temporibus recusandae laboriosam consequatur possimus ut eaque. Ut fugit rerum neque deleniti inventore sed nemo magni unde minus rem magni perspiciatis sequi! Minima ad sit distinctio qui provident voluptas nemo non aut sed in sed deleniti temporibus. Sed rerum expedita tempore, est saepe id consequatur fugit error consequatur quis earum qui ipsum. Quaerat ut iste numquam, aut perspiciatis velit omnis impedit nihil rerum labore veritatis laudantium aspernatur. Sunt deleniti, a et tempora cupiditate molestiae architecto neque qui ut corrupti quis facilis quidem. Non quasi magnam nisi ducimus ut ratione porro pariatur et voluptatem laudantium ut cumque similique. Et tempora et aut dolorem eum voluptatem ex architecto suscipit nobis magni architecto tenetur porro. Labore et deserunt, voluptas qui quam ea deserunt reprehenderit asperiores quasi dicta omnis est id! Quam a, commodi consequuntur sed dolor voluptas sed ipsum aperiam natus qui ut minima nulla. Rem animi natus voluptatem aliquid omnis adipisci eos et dolores voluptate omnis et fuga et!\r\nSit iure ipsum quidem doloremque quasi in voluptatem cupiditate rerum qui quis sit quo nulla; facere porro itaque sed atque exercitationem debitis perferendis veniam sit et suscipit quidem ipsam accusantium. Non incidunt possimus voluptas laudantium quis voluptatem atque qui sed rerum veniam sed tempora velit! Ut minus ad ducimus sit qui quasi harum aut voluptas consequatur porro impedit error velit. Enim nisi in vel sint debitis qui est ut similique quis dolores necessitatibus consequuntur perferendis! Perspiciatis voluptatem temporibus quia dolor veritatis ut officia sed alias et molestias sed est voluptatem. Nam ratione cupiditate qui nobis ratione, tempora libero dolore blanditiis eaque voluptates ex est dignissimos? Qui aut rerum voluptas eos incidunt qui reprehenderit voluptatem voluptatibus ullam incidunt culpa laudantium cupiditate. Perspiciatis optio delectus commodi magnam neque saepe quia corporis ut velit voluptatem error dolorem qui. Omnis reiciendis ea corrupti eaque ut animi facere excepturi cum dolores non ipsum, sed omnis? Veniam sunt culpa sed nisi veniam quisquam enim aut eaque eos totam et sit odit. Voluptas quia cupiditate facilis fugiat modi reiciendis ut illo aut optio repellat obcaecati ex et! Mollitia maiores, unde temporibus et commodi maiores ipsum eius non maxime laudantium soluta sint odio. Aut rem dignissimos est error aspernatur tempore quaerat voluptate iure dignissimos voluptatibus omnis aspernatur est. Sapiente quasi alias, qui est consequatur dolorem quia deserunt adipisci necessitatibus sit impedit sunt voluptatem. Nisi non et, corporis et est autem libero et voluptas iste dolores labore accusantium nihil? Vel sequi voluptas qui perspiciatis aliquid doloremque ut sed a omnis eius quia non quia. Non sed totam itaque id a consequuntur, sit rerum doloribus quod omnis sunt sint exercitationem!\r\nEa autem velit omnis ea excepturi laborum expedita delectus sed praesentium quibusdam ut error adipisci. Eveniet enim blanditiis tempore molestias voluptatem tempora velit at doloribus et unde similique quam deleniti. Nihil perspiciatis voluptatum ratione est rerum perspiciatis eaque assumenda quaerat ut et velit assumenda sunt! Ab et, quisquam reprehenderit blanditiis perspiciatis tenetur et sit ut sit qui sit magnam atque.','2023-10-08 05:17:47',NULL),(21,'Sandisk Flashdisk',55.45,65.45,'Ipsam unde accusantium ut id minus et illo qui dignissimos voluptatem velit veritatis maiores voluptatem. Sit ut atque nisi at aut magnam et voluptates porro numquam perspiciatis totam nobis assumenda! Sit rem autem velit alias consequuntur nulla tenetur ea qui nulla aliquam quae vitae ipsum. Iste aut ex sed reiciendis fugiat, possimus quo saepe recusandae sunt non accusamus omnis modi. Ut eos vel assumenda est deserunt tempore quis officiis nostrum voluptatem aut voluptatem ex eius? Quis vero aut doloremque minus et suscipit facere eos culpa veritatis fuga, tempore architecto deserunt. Exercitationem mollitia dolores quis cum nesciunt, veniam ut aut consequatur minima repudiandae ut illum ab. Fugit iste voluptatem nihil perspiciatis repellendus quo ducimus aut blanditiis et perspiciatis vero eligendi laboriosam.','2023-10-01 00:00:05',NULL),(22,'A comfortable sofa',800.54,900.54,'Sequi ea asperiores nulla aut sed qui sit magnam ad delectus natus animi fugiat molestias; iste dolorum non repudiandae nostrum pariatur facilis velit debitis laboriosam provident voluptate amet officia voluptatem. Sunt ex sit est et obcaecati necessitatibus delectus recusandae totam aut et eum voluptas aliquam! Repellendus praesentium perspiciatis veritatis aut officiis culpa quae, sed porro qui sunt vel pariatur natus. Natus aliquam voluptas eos saepe quisquam enim dolorem reiciendis et, est a sit eligendi aut.\r\nConsequuntur eius nesciunt debitis similique mollitia vitae obcaecati explicabo sint ipsam qui et sequi vel. Cumque neque fugiat voluptas repellendus iste quod vero neque et aut magnam dolorum qui quo; numquam sit omnis non placeat, nisi et nostrum sequi aliquam quia deleniti explicabo non quia; similique laborum aliquid quasi ex adipisci officiis nulla, harum quo voluptatem et unde cupiditate error. Quae amet ratione nemo corrupti et molestias quasi ullam quo saepe aut eveniet optio ullam? Assumenda sit, ut error est labore aut molestiae natus rem voluptatem beatae dolor quis eum. Sit labore dolorum, sunt reiciendis eaque iure dolorum perspiciatis dolorum voluptatem recusandae reiciendis est alias. Qui culpa voluptas, quam ullam laboriosam ex est culpa ex est quo exercitationem mollitia delectus! Voluptatem placeat ipsum sunt veniam et numquam voluptatum consectetur perspiciatis facere voluptatem incidunt et quia. Nobis doloremque qui et ut autem odit ut perspiciatis error nemo labore eveniet nemo eius. Quis voluptates tempore natus quasi ut deserunt aut vel est voluptatem aliquam consequatur animi voluptatum. Nisi et sed quod suscipit aliquam eius cumque quibusdam voluptatem quam quidem natus tenetur excepturi.\r\nPerferendis omnis dicta eaque, veritatis aut dignissimos minus sed necessitatibus qui perspiciatis sed magni non. Odio omnis doloribus non vero aut ea qui reiciendis nesciunt id non eos exercitationem et. Nemo consequuntur iusto, id nam ut fuga odio harum et error nemo eos inventore consequatur. Dolorum accusantium dolorum cum dolores ut enim ex nihil cum et in et impedit debitis. Non ut omnis est aut similique qui id magni unde repellat atque sit dolor perferendis. Sint iste quos voluptas et, nesciunt nulla ducimus maiores qui in debitis quia voluptatem excepturi. Odio quaerat non tempore qui ut libero est non dolorem ut quos eos earum dolorem. Vel distinctio quaerat magnam sint quia natus tempore dicta harum est impedit iste tempore iste. Laboriosam aspernatur illum aliquam amet ut aut quidem enim quisquam error aut sed consequatur ullam. Facilis repellendus quia excepturi qui soluta laborum omnis blanditiis sed ducimus sed velit aliquam illum! Exercitationem nam mollitia libero eos sequi qui deserunt repudiandae nam labore nulla odio facilis nostrum. Error quia natus aliquam eos commodi ut corporis eius quia laboriosam molestias error nisi ducimus. Error similique et dolore vero, et sit aliquid qui expedita magnam et non sint perferendis.','2023-10-01 00:09:46',NULL),(23,'Tablet',870.88,960.88,'Natus voluptatem, aliquid eum est quasi aliquid natus id est in dolores et ut dolores...\r\nAutem voluptas fugit ea, cumque voluptatem quo voluptas eius et totam quod corrupti ut earum. Nihil ut neque, autem corrupti quaerat asperiores saepe itaque et perspiciatis et ab quo sit. Blanditiis explicabo veritatis eum aliquid dolor totam corporis veritatis sed temporibus non et pariatur illo! Voluptas hic omnis non mollitia ad harum, laudantium maiores ea officiis omnis reprehenderit porro quia. Ullam ducimus quo sed aut illo enim rem ut sed accusantium quis voluptatum quibusdam sunt? Error magni, in veniam voluptas itaque perferendis debitis explicabo sequi exercitationem perferendis repudiandae aliquid accusamus! Fugit et nostrum fugit consequuntur qui aperiam consequatur et aspernatur quo vitae omnis itaque obcaecati. Eos omnis natus ratione explicabo ipsa, explicabo quis quibusdam ut nisi libero ut qui eum; quisquam sit officia deserunt animi vel non perferendis, consequatur dicta iste non asperiores nihil ratione. Et blanditiis natus vitae et distinctio quae odio, dolorem error repellendus animi architecto nostrum fugit. Et iste voluptatem illum soluta tempora voluptatem odit alias veritatis vero libero doloribus laudantium ut.\r\nVoluptatem et dignissimos qui et ex et sit et exercitationem excepturi omnis et fugit praesentium.','2023-10-01 00:00:09',NULL),(24,'Washing Machine',950.13,1050.13,'Molestias cupiditate dolores sunt est omnis animi sit quas non, explicabo adipisci quia qui eum. Architecto nesciunt nam fugiat perspiciatis mollitia sit voluptas et fuga quos consequatur praesentium exercitationem enim! Ut nihil et laboriosam sed corrupti necessitatibus, neque quis odio quia ducimus sint unde dolorem. Laudantium est perspiciatis inventore, accusamus soluta laborum sint magnam qui adipisci voluptatem animi veritatis est. Fugit illum sunt eum accusamus deleniti eos neque enim natus dolor et vero sunt ea. Non aspernatur atque deserunt nostrum voluptatum iure rerum ut autem quia est soluta maxime fugiat; deserunt eligendi ratione commodi, qui eos amet iusto sed vero amet quam a accusamus necessitatibus. Facere quae autem repudiandae incidunt, accusamus consectetur aut quasi maiores sit ut sed obcaecati perspiciatis. Tempora quod beatae dolor ea et natus omnis et consequatur quo ut architecto dignissimos odio? Quidem exercitationem, fuga accusantium ad id omnis a et quas eaque nesciunt molestiae totam suscipit. Mollitia eius distinctio autem, quo suscipit a totam rem sunt eveniet ut sed sequi cum. Facere aut praesentium et, adipisci ipsam omnis sed ut qui autem qui et delectus quis? Facilis voluptatem consequatur non sapiente iste laudantium sed iste, qui nostrum ut voluptatem velit accusamus. Sunt nostrum necessitatibus rerum obcaecati quibusdam maiores voluptas facere, perferendis et iure et saepe dolorem? Iusto harum alias quasi minus aspernatur, quae reiciendis et iure error modi porro id corporis. Voluptatibus molestiae cum, molestiae qui maiores libero est impedit consequatur sapiente dolorem vel alias accusantium...\r\nCommodi ut aperiam ut est modi ut vitae sunt consequatur ut earum impedit aliquam ducimus. Perspiciatis hic natus ipsa quo eos tenetur dignissimos, commodi et incidunt illo sit nobis id!','2023-12-03 05:48:34',NULL),(25,'Smart watch',388.22,428.22,'Distinctio exercitationem temporibus non quia illo velit veritatis cumque voluptatem unde ipsam aut aspernatur quis. Quaerat animi ab consectetur dolor consequatur dolor architecto et accusamus natus voluptatem voluptate accusamus odio. Ipsum animi incidunt tenetur enim consequatur, quam asperiores unde incidunt illum omnis dolor mollitia officia. Omnis molestiae in rerum quo voluptatem sunt nam aut, nisi earum eligendi error fugit labore. Non reprehenderit sit deserunt ut est cum reiciendis, nisi recusandae dolores consequuntur quibusdam eaque optio! Cum expedita neque eum magnam, sapiente iure saepe voluptatem odio totam nostrum voluptatibus beatae tempora. Placeat blanditiis maxime reiciendis tempora veritatis ea qui quaerat veritatis quis natus omnis qui id. Magnam ad, odio quia aut possimus ut delectus quia fuga est aperiam odio sit eos; doloremque veniam ipsum corrupti est et officiis voluptas fugit non repudiandae assumenda ea cumque officiis. Nesciunt ratione repellat perspiciatis fugit iste accusantium sed suscipit voluptatem animi unde incidunt nulla voluptatum.\r\nQuia et sit magnam deserunt quia non et voluptatem sed et fuga quod vel aperiam. Doloremque sed exercitationem optio non repellendus ducimus est quaerat ut officiis quasi consequatur asperiores nobis. Sint amet tempore sit ut architecto eligendi dolorem quisquam sit odit porro iste tempora impedit. Consequatur illum, eos fugiat et aliquid consequatur natus consectetur voluptatem vel molestiae autem et sint; voluptate quia, nulla quod alias eum quia voluptatum voluptatem ea tempore natus dicta odit distinctio. Qui natus laboriosam architecto eos mollitia unde quidem nostrum sed qui ipsam ad sit quam! Sed expedita iusto ducimus voluptatem consequatur quas at sed quasi atque ullam sint dolore et. Non rerum omnis, nisi deleniti ipsam facilis eos sequi quia voluptatem asperiores voluptas quia iure. Eaque omnis molestiae tempora eaque repellendus dolores doloremque et a porro aspernatur nemo quas aliquid. Veritatis suscipit, officiis eos minima modi natus ut placeat dolor suscipit quisquam quod quae aspernatur.','2023-10-01 00:15:51',NULL),(26,'Popcorn',140.25,160.25,'Autem voluptatum eos et explicabo blanditiis nihil magni distinctio non unde ut laudantium culpa fugiat. Omnis et dolorum saepe ab possimus similique temporibus ut nulla iste aut natus vel eligendi. Inventore odit assumenda voluptatum sit quos nostrum quia cumque fuga repellat distinctio aut omnis illum. Qui repellendus aperiam natus similique enim tempora et impedit provident soluta consequatur est blanditiis beatae? Commodi eveniet, reprehenderit quas dignissimos dolorem suscipit qui unde fuga ipsa sed illo saepe ipsa. Magni quos exercitationem omnis et eum aliquam nulla quia quod magni aut dicta qui voluptatem. Molestias quae pariatur rerum sit eveniet suscipit est at error quidem at harum neque quo. Voluptas molestiae impedit reiciendis voluptas facilis nesciunt nihil expedita omnis non vel aut ipsum voluptatem. Porro illum ut dolores sed recusandae similique nobis veritatis quia consequatur qui enim praesentium mollitia. Omnis velit est dolore vel odio nisi odio quo tenetur voluptas consequatur numquam quis commodi? Aut non voluptatem et deserunt sit qui error voluptatem incidunt quia voluptate ut porro quibusdam. Aut quaerat sit enim sequi, fuga ut omnis pariatur obcaecati iste voluptatem ducimus natus voluptates. Quia ut et repellat aliquid in sit assumenda numquam quaerat quisquam enim laudantium sit ipsa; minus nostrum amet similique dolor consequatur ratione officia vero quia id dolores voluptas illo dicta. Quasi id sit iure quidem velit facere inventore magni officia ut placeat pariatur quia soluta. Beatae molestias eos omnis accusamus impedit quod voluptatibus id ullam ea error voluptatem unde veritatis; sapiente dignissimos asperiores quos sed exercitationem labore perspiciatis molestiae, distinctio maxime blanditiis ad quaerat sed? Delectus ad, voluptatem voluptatibus vitae veniam praesentium consequatur et sunt consequatur illum doloribus molestias repellendus; quo odit assumenda nam error ut esse sapiente omnis unde voluptate id sed non eos...\r\nAliquam unde ut enim fugit natus accusantium maiores laborum eveniet aut est delectus cum ab. Aut error modi ut voluptatem modi ipsa est quia velit veniam quis esse debitis dolorem. Numquam quas dolor quidem dolorem tenetur qui delectus ipsam dolores natus magni quia adipisci in! Rerum dolorum beatae quidem eum unde quod ullam dicta ut corrupti nulla suscipit omnis ut. Maxime dolores porro, nemo odit unde quidem dolorum natus reiciendis quasi quia iste ad in. Nostrum neque sunt consequatur nobis, quia non sed nemo quis sit natus at inventore totam. Ratione harum, doloremque illum laudantium qui nam obcaecati est tempore sit et ducimus rem sed. Error molestiae aliquid et, asperiores ullam repudiandae earum quibusdam eius iusto cumque provident qui omnis? Dolorem aut voluptatem voluptatibus minus hic atque natus commodi quis vero sed voluptatem totam enim. Ipsa doloribus recusandae quod sed iste consequatur porro et necessitatibus tempora unde laborum cumque fugit! Itaque minima quos error enim, asperiores error ut nostrum repellendus quasi facere eaque est sed.\r\nModi at unde eos et sit id iusto architecto inventore animi porro temporibus omnis voluptatem. Est veniam, quasi consectetur qui vel natus tempore aspernatur qui voluptate nobis fuga corporis tempora.','2023-11-12 02:23:59',NULL),(27,'Speakfindgaon',636.65,706.65,NULL,'2023-12-29 21:14:38',NULL),(28,'Ampputphone',8.74,18.74,'Voluptate sint vitae possimus consectetur beatae aperiam culpa voluptatem et quaerat tenetur eos odit voluptates. Dolor adipisci qui dolorem perferendis ut quae facere ab doloremque sit ut similique quo odit. Blanditiis ut, possimus ipsam eum iste necessitatibus quod dolore repudiandae rem eos quod nostrum debitis; velit laborum dignissimos quia esse, delectus sunt in ea quod voluptates quas aut at voluptatem. Possimus voluptas a quidem voluptates enim labore velit error ratione est ab quibusdam velit eum. Corporis sit labore unde nam quos, ratione et quos quisquam placeat explicabo dignissimos est recusandae; ab rerum quis ad libero itaque eos consequatur a voluptatem iste est repellendus ut asperiores? Et iste quis minus ut molestias quia omnis quasi vitae beatae maxime ea officiis nemo. Voluptatem velit nisi eum vel, rerum tenetur eos tenetur ipsa id iste voluptatem illo officiis. Exercitationem consectetur sequi voluptatem adipisci, corporis placeat culpa facere perspiciatis vero doloribus quis dolorem molestiae? Aliquam sed, laborum vitae repudiandae dignissimos sit unde ut doloribus itaque doloremque pariatur similique asperiores. Velit aliquid optio amet adipisci ducimus voluptatibus dolores error maiores eligendi non asperiores quos nemo! Voluptatem sit aut deleniti accusantium necessitatibus aut at blanditiis rerum est consequatur sit recusandae maiores. Et totam at veniam unde dolorem accusantium ut autem non quisquam qui non et optio.\r\nConsequatur dolore, voluptatem fugiat laudantium odit doloribus et voluptatem ut est reiciendis beatae repellat iste. Voluptas dolor corrupti sit impedit sed consequatur natus cumque natus in voluptatibus et ex tempore? Sed omnis ex quae sit qui porro est necessitatibus sit odio obcaecati natus nobis consequuntur! Voluptatem laudantium modi repellendus aut ullam unde nulla a nihil suscipit omnis illo deleniti cumque. Et temporibus beatae ullam eveniet est distinctio ea debitis et consequatur perferendis iusto voluptatem natus! Corrupti consequuntur, ut qui adipisci maxime voluptatem est inventore eos ipsum eaque quia fuga libero. Consequatur fuga voluptatem quasi quibusdam velit possimus fugit possimus saepe vero fugit unde cum et? Ipsa iste voluptatem reprehenderit, tempore dolorem fugit hic cumque quis molestias omnis fuga nihil laboriosam. Fugiat ut dolorem voluptatem qui quaerat rerum dolorum laboriosam incidunt dolores perspiciatis dolore et qui! Dolore itaque aliquid error sequi laborum voluptatem rem sapiente ut doloremque ex et voluptatem at. Voluptatem magnam officia labore non dolores et qui consectetur nihil et ut voluptas esse iusto; sunt qui magni aut autem quisquam quia et voluptas vel vero neque itaque animi nihil. Corrupti recusandae nisi, quia atque similique voluptatem sed autem voluptatem voluptate sed magnam a dolores; ea iusto ex nesciunt eaque accusamus laboriosam et modi aut quae qui rerum temporibus officiis. Voluptates dolores sunt non sit ex nesciunt sed ipsum fugit ut placeat voluptas ut accusantium!\r\nExplicabo quidem aut qui id minus sint praesentium quasi voluptate rerum natus repellendus aut suscipit. Cumque eius voluptas enim explicabo unde, omnis nam sequi nesciunt facilis aut omnis sed ut. Et vel officiis dolores aut unde quo vitae cum aspernatur voluptatem ipsam eligendi laboriosam est. Et architecto totam nostrum ut modi laudantium est aut error laboriosam possimus unde magnam quisquam; nostrum tenetur rerum id nemo quo qui saepe quibusdam ea accusamus laboriosam accusamus voluptas non. Voluptas amet aut corrupti cumque doloremque ipsam error tempora voluptatem praesentium nesciunt voluptates sint et! Voluptatem quasi perferendis labore saepe dolorem perspiciatis dolores ipsum ullam eaque blanditiis, sed sit eius; perferendis illo non sunt perspiciatis ea dolor molestiae est nemo incidunt eum numquam hic corporis. Voluptatem tempore ullam omnis voluptatem officiis sed nesciunt obcaecati et quam exercitationem consequatur et omnis. Recusandae unde architecto accusamus vel dolor incidunt vel autem vitae veritatis laborum, iste consectetur non! Et id obcaecati nesciunt facilis sit accusamus, reprehenderit et vel sit possimus modi aut nostrum.','2023-11-03 06:36:54',NULL),(29,'Commuterry',251.06,281.06,'Debitis ipsam asperiores error tempora fugiat iste alias eveniet hic excepturi ad sed hic quibusdam. Perferendis modi vel incidunt et aliquid quia et ut soluta modi doloremque corporis iusto rerum. Laboriosam est, id aut qui dolorem unde numquam vel rerum eum omnis illum alias ipsam. Saepe qui, sit voluptatem omnis voluptate voluptatem vel minus consequuntur dignissimos odit recusandae unde aut. Debitis dignissimos laboriosam, ut sequi tempore labore eveniet et laborum neque ipsa voluptate vitae deleniti. Non et, vero qui esse eos inventore rem molestiae iste ab quas harum maxime dolores! Ex ut sequi reiciendis error consectetur est saepe libero ut porro molestiae nostrum quisquam unde. Quia quis suscipit sed eligendi dolores modi velit omnis iusto eveniet molestiae aut omnis harum! Ullam omnis adipisci animi sint quae ipsam quis voluptatem magnam illo et culpa est cumque. Officiis sapiente explicabo omnis vel distinctio non praesentium et dignissimos ipsum quasi est pariatur iste. At eius praesentium obcaecati optio ut expedita est veniam, molestias voluptatem quis dolores aperiam nihil! Fugit excepturi voluptas vero fugit sed consequuntur ut explicabo omnis est culpa et pariatur quidem. Recusandae sit nemo, nulla eveniet dolorum voluptatem placeat est aut et sit adipisci ad ut? Qui dolorem perspiciatis iure deleniti nobis totam eligendi laboriosam et reprehenderit quae consequatur nobis commodi. Qui iste quia neque aperiam rerum ullam ea ut expedita nisi est natus unde nostrum. Nesciunt neque est doloremque, pariatur tempora nihil sunt quas quia ut repudiandae est itaque tempore. Ipsa sed et eligendi ut ex qui cum rem esse velit totam iste vel numquam. Magnam inventore, itaque molestiae numquam voluptatem tempora quos maxime quos ut ab quas iste magnam. Ab dolor incidunt numquam omnis unde excepturi autem aliquid maiores sunt rerum quidem voluptas omnis...','2023-10-01 00:00:09',NULL),(30,'Printtoponra',140.90,160.90,'Et corporis alias eius quia error dolor eaque facere commodi voluptatem tempora ullam consequatur quia. Possimus consectetur non atque aliquam ea sunt perspiciatis doloribus tenetur voluptatem velit omnis aliquam architecto! Error sint et quia dolorum facere placeat explicabo saepe totam sit non illo beatae illum.\r\nIpsam sint commodi, accusamus veritatis rerum fugiat et sed velit aspernatur blanditiis quisquam esse consequatur. Autem adipisci fugit voluptatem repellat consectetur blanditiis quo est architecto quia vitae sit illo veniam. Adipisci ut explicabo dolorum laudantium ipsa laboriosam suscipit omnis perspiciatis a minus maxime dolor accusantium; aliquid voluptatum officia exercitationem mollitia perspiciatis ipsam et dignissimos et beatae sit assumenda modi soluta. Accusamus repellat repudiandae neque sit ut, repellendus ipsum et doloremque ullam perspiciatis laudantium natus in. Sed odio et recusandae nobis nam et perspiciatis inventore tempora perspiciatis natus reiciendis rerum quod. Voluptatem sit, dolor ut quos perspiciatis voluptates error explicabo perspiciatis iste quibusdam officia doloribus dicta. At error aspernatur vel, quia debitis dolores neque fuga aliquam et aut eligendi ad error. Ut officiis voluptatibus harum, cupiditate ut impedit aut natus quasi nesciunt debitis et illum molestiae. Atque sit nostrum voluptatem, rerum distinctio consequatur aut voluptates aperiam iste vel voluptatem quasi rerum! Aut consequatur laborum omnis aut magni nihil esse corrupti reprehenderit voluptatem ut eius corporis natus? Blanditiis quo velit numquam soluta dolor atque non consequatur aut asperiores sunt sit ipsa iste. Eum omnis dolorem quae tenetur quis enim facere fuga voluptatem sunt facere id eligendi quasi. Qui voluptas, quam quia sint atque sint aut repudiandae distinctio nihil hic qui quam quas. Architecto quae possimus hic blanditiis excepturi dicta voluptatibus, eligendi amet quasi adipisci maiores ullam nobis? Dolores autem sed et odio, ipsum omnis nam ad soluta iste modi repellat ut est. Enim dolores voluptatum eos et debitis, molestiae sed consequatur rem nesciunt quia quasi quo quod. Autem accusantium provident, et omnis itaque amet ex enim et molestiae suscipit et impedit magnam. Nostrum aut minus a sapiente iste, saepe autem error non hic voluptatem consequatur incidunt et.','2023-10-01 11:55:07',NULL),(31,'Concordon',92.40,102.40,'Fugiat cumque, in rerum sapiente ad sapiente distinctio dicta impedit quo voluptatem similique quis ut.','2023-12-08 09:19:36',NULL),(32,'Anholdentor',479.36,529.36,'Veritatis dolor hic natus nam dignissimos velit doloribus nesciunt aut provident officiis omnis aut odit. Voluptas unde et vel quas vero qui, eaque rerum dolores sequi voluptatibus voluptatem exercitationem dolorum. Quae id ut natus quo blanditiis illo at unde provident quis ea qui accusantium repellendus. Qui magnam dolores, quia veniam illum sint natus ea fugit unde eligendi hic aliquam quo! Rem incidunt, sequi officiis veritatis non voluptatem quasi nostrum dignissimos voluptatem laboriosam sit et tenetur? Quae voluptatem quaerat quis ipsa natus temporibus molestiae unde ut est a omnis hic saepe! Velit voluptas iste, consequatur perspiciatis eum doloremque aut sed aut earum ut perspiciatis est sapiente. Molestiae illo exercitationem et excepturi esse eos sed voluptates quaerat temporibus error illo aut fugiat. Consequuntur ut consectetur tenetur sit sed suscipit eum officia voluptatem quaerat temporibus animi earum fugiat.\r\nDucimus enim ut nihil ad enim incidunt unde illo iste animi et velit laudantium soluta. Pariatur esse, quo maxime eum ab voluptas accusantium tempore quibusdam illo et maxime vel est; fugit accusamus, natus nihil voluptatem veritatis tempora molestiae qui dolorum animi voluptates eos amet perspiciatis. Non atque repudiandae excepturi minima vel qui voluptas aliquam quo tempora iste est officia aut; illo vitae, quis ad aut dolorum exercitationem quia repellendus tempora accusamus veniam iste error nesciunt? Dolor eaque natus aperiam minus non dolor sit fugiat quo quidem et totam dolore possimus! Voluptas sit vero sed ea aut quisquam totam culpa quos sed iure iste architecto beatae. Ratione sit quis et eos enim ipsa quo consequatur sit unde est quod itaque veniam! Id est, error sit sapiente error quidem sit et provident ut sit dolores aperiam tempora. Error cum tenetur accusamus totam rerum quisquam architecto et qui, autem harum qui et est! Enim placeat enim quaerat sed id aut veniam consequatur ad sed sint quis aspernatur ut; dolore vitae reiciendis necessitatibus sed dolor voluptatem necessitatibus consequuntur ut quia molestias dolores aut aliquam; ipsa et facilis laborum aperiam reprehenderit facere quidem quia sit vel ut ex totam nobis; nihil dolor praesentium aperiam dolore optio repellendus earum quia ab vel iste laboriosam tempora at. Sit voluptatem ratione iusto dolores enim quaerat totam, quia aut temporibus voluptatem sunt rem velit. Quaerat saepe iure facere voluptas hic dolor obcaecati mollitia sed fugit qui voluptatem obcaecati eum! Facere commodi laudantium, sed voluptatum ut sit incidunt dolores omnis aut non corrupti ex sed. Officiis incidunt eligendi maxime incidunt animi illo corrupti nostrum sequi quo sunt sit facilis perspiciatis! Quia praesentium consequuntur alias ut dignissimos distinctio ut sed quisquam nihil et maxime non fugit.','2023-10-01 00:01:33',NULL),(33,'Speakniar',493.73,543.73,NULL,'2023-10-21 19:58:04',NULL),(34,'Conniedgra',916.04,1016.04,'Totam pariatur commodi tempora qui facilis quia, sapiente et dolor voluptatem error unde tempora vel; harum itaque et sit animi ullam eveniet quo beatae laudantium voluptates repellendus voluptatum distinctio amet. Id qui quibusdam qui ex exercitationem et nesciunt dolorum quam voluptatum perferendis eveniet ea voluptatem. Accusantium dignissimos adipisci saepe ea voluptatem enim quam quia omnis est eius accusantium possimus rem! Ut eaque alias, dolor quisquam aspernatur ut reprehenderit totam nam error ea praesentium atque molestiae. Perspiciatis voluptate, eius explicabo repellat praesentium dolores ut dolorem aut voluptas similique ex ut quis. Omnis velit nostrum optio perspiciatis nulla quo totam nemo fuga officiis et nam ducimus voluptas! Quia et est libero consequuntur aut veritatis nostrum dolorum molestiae error ut quas iure facere. Voluptatem dignissimos iste rerum quas, consequuntur est sed ut asperiores dolorem sed voluptas voluptatum repudiandae. Quam aperiam ut vel et nostrum et veniam ea ut facilis odit sapiente deleniti eaque. Minus unde soluta iste similique facilis ullam omnis sed, omnis et perferendis ratione culpa sit. Corrupti voluptates cum provident voluptatem animi enim dolorem pariatur et in natus modi qui perspiciatis. Quidem recusandae, dolor ducimus beatae rem perferendis ut ad in tempora nihil cum voluptatem maxime! Aut et consequuntur sunt temporibus magni architecto incidunt est accusantium enim deleniti excepturi tempore perspiciatis. Facere ut, consequatur amet at non voluptatem at non porro qui iste dolores sit nihil? Ut doloremque tenetur dolorum perspiciatis officia ipsa aliquam magnam voluptas, non libero qui et qui. Qui consectetur et sint iste velit ut sit eius iure eum quia ut sunt molestiae! Quia totam nostrum sit quia tenetur velit dolores voluptatum eaque nemo autem natus neque ex. Autem animi qui consequatur qui doloribus ipsam rerum facere impedit id ex accusantium ut facere. Iste alias error esse est laborum corporis earum, sed sit et voluptatum ullam et consequuntur!\r\nLabore esse perspiciatis est ut aut, sunt deleniti perspiciatis eveniet ullam ipsa animi dolore natus. Exercitationem est aspernatur labore quia tenetur ut voluptates id tempora natus voluptatem doloremque facilis laboriosam. Qui est ratione dignissimos vel iste quisquam ratione autem aut facere magni quam ipsa voluptatem! Ducimus ab dolores hic sit quaerat quidem delectus perspiciatis unde non ad quis sit et. Quisquam blanditiis quia eligendi vitae voluptatem reprehenderit quidem dolore eum et ut modi facere impedit! Dolor hic consectetur voluptates assumenda sint doloremque labore numquam necessitatibus velit est sunt unde officiis. Perspiciatis fugiat magni ipsam molestias doloremque dolor minima voluptatem quae iste debitis suscipit modi alias. Ipsum sunt, eum velit tempore quis nobis odio sit non et non vitae totam harum. Aliquam perspiciatis laborum ullam laudantium quia laborum et aut eos sed repellat unde enim et? Quo voluptates, optio non dignissimos quaerat pariatur placeat harum quaerat et esse eos aspernatur vitae. Possimus natus ut earum maiores ab facere hic quo voluptatem temporibus aut omnis saepe vitae; laborum aut quis deleniti non iusto eum et deleniti et inventore odio sed est accusamus; qui id, totam dicta perspiciatis enim sed possimus dolorem qui asperiores libero soluta aliquam ut. Incidunt et omnis non, natus aut iste excepturi sit iste ipsa voluptatem quidem voluptas obcaecati! Voluptatum quia dolore earum ut qui accusamus quam ipsa, error sed et omnis incidunt quisquam. Omnis eveniet ratione sit exercitationem inventore ut architecto necessitatibus odit debitis animi reprehenderit similique eligendi? Non magni voluptatem repudiandae non rerum sint voluptatem dolorem aliquam quo laudantium maxime est exercitationem. Perspiciatis rerum in perspiciatis fugit sit dolores perspiciatis optio est iure vitae unde recusandae voluptatem.','2023-10-23 06:43:55',NULL),(35,'Cartmutor',95.44,105.44,'Consequatur vero aut excepturi voluptas iste minima commodi labore quos qui ut unde aliquid blanditiis. Quasi ipsa quod ut suscipit aliquid qui magni ullam iste suscipit veritatis eos iure suscipit. Quas tempora ab laboriosam iste a repellat molestias ut sed temporibus omnis et in consequatur! Voluptas doloremque aliquam dolorem temporibus sint modi consequatur a natus saepe omnis et reprehenderit possimus; dolor maxime in doloremque sit modi et vel incidunt nostrum eos dolor quia distinctio ut. Sunt velit veniam quas ducimus temporibus dolorem amet unde possimus eos facilis rem labore in? Eius ad cumque autem consequuntur enim ut quisquam quia tempore ullam et consectetur, adipisci velit. Doloribus consectetur quibusdam cupiditate amet sit omnis veniam voluptatem rem ut maiores quos nesciunt perspiciatis! Eius et commodi placeat, expedita ad ut beatae eveniet sed labore recusandae ex ut quia. Omnis tempore, explicabo beatae et sit animi repudiandae similique a aliquam reprehenderit est sit veniam. Saepe voluptatem laudantium temporibus et vitae rerum dignissimos sed dolore nihil non adipisci perferendis dicta.\r\nQuos ipsum et asperiores optio explicabo ut qui cumque voluptates nam repellat ut perferendis est; sunt consequuntur mollitia ut, et quisquam corrupti suscipit commodi fugit maiores iste et beatae libero. Sit ut earum quis, est et repellendus voluptatum iusto tempore aut corrupti error iste repudiandae! Voluptas doloremque in natus ab iste error eum et dicta sit voluptates ut rerum molestias. Optio non neque qui sed consequuntur corporis optio sit iste dolor aperiam doloremque quibusdam reprehenderit. Libero optio magni dolor nihil fugit omnis hic similique exercitationem dolor vel aperiam tempora voluptatum? Voluptatem nesciunt, harum quo quisquam rerum explicabo eos sit porro recusandae minima ullam aut quasi. Vel animi perspiciatis voluptatem voluptas autem dolorem eos temporibus quas quis fugit quis incidunt numquam. Rerum in sit sunt commodi rerum molestias eius aut commodi earum dolorem eum placeat vero.\r\nVeritatis laboriosam odit vel necessitatibus, ut est maxime quo sed rerum eos totam quis quasi. Eaque qui error nihil, consequatur possimus autem dolor dignissimos labore qui nihil ut voluptatem quidem; amet ea, aut magni ad fugiat accusantium nisi eaque quae illum placeat laudantium dolorem est; minus nobis sed qui sit cupiditate eum nesciunt et velit porro quam est consequatur officia; porro fugit ut, illo sit architecto fuga distinctio ullam voluptatem exercitationem quia esse quis veniam? Eos perspiciatis distinctio repellat omnis aut non architecto alias ipsa incidunt dolor consequatur ducimus at. Velit deleniti ex similique id molestias earum maxime consequatur veritatis ipsum officiis omnis neque animi. Ad explicabo nostrum aliquid inventore voluptas cupiditate dolorum rerum voluptas natus et est dolores ut. Rerum sit, iure eaque nulla quam error modi dicta qui vitae molestias necessitatibus voluptas nihil. Exercitationem id sed ab, labore voluptate obcaecati voluptatem ducimus quidem nam accusamus voluptas illum magni. Inventore id veniam delectus libero dolorem facilis qui similique saepe eligendi obcaecati possimus et pariatur. Sed similique et officiis reprehenderit temporibus ut, aut hic quia tempore nesciunt architecto consequatur facere.','2023-11-18 22:26:26',NULL),(36,'Playfindfier',600.44,670.44,'Error aliquid, eum dolores quisquam autem culpa quas quisquam sed eum sit dignissimos natus et. Beatae perspiciatis ullam dolorum omnis qui quidem ea voluptas sint impedit fuga deleniti incidunt neque. Amet velit qui natus consequatur tenetur ut iste praesentium distinctio nulla eius rerum aut omnis. Sequi quisquam provident, quibusdam officiis mollitia est animi ipsam ea tempora obcaecati tempore repudiandae aut; amet saepe exercitationem voluptates et voluptate aut ea laborum dolorum quod velit possimus sed nemo. Quia accusantium nihil sunt deserunt labore itaque quia velit minima consectetur aperiam error autem iusto. Animi cupiditate voluptas, autem voluptate accusamus aliquam possimus soluta iste obcaecati repellendus mollitia totam est. Ut cumque amet non saepe enim fugit natus vero in blanditiis eos esse porro sequi. Incidunt eaque recusandae accusantium et impedit quidem tempore magnam voluptatem sint commodi sed culpa voluptas. Quia sed quia sunt, nostrum consectetur excepturi odit ut labore impedit alias id voluptatem fugit. Quisquam similique facere quis iste quibusdam illo vel unde natus recusandae nihil vel, ea molestiae? Porro odio dolorum error omnis quo qui totam ut eum rerum id consequatur ut reiciendis! Recusandae error ipsum facere id unde aut fugiat perspiciatis praesentium ipsa, nihil mollitia voluptatum odit. Est ut voluptatem accusamus amet, iste ratione suscipit architecto qui sit natus eum neque nostrum. Dolore unde aut qui id dolores quia voluptatibus voluptatem dolorem non beatae exercitationem repellendus aut. Ut et odit sequi dignissimos fugit consequuntur consectetur magnam numquam harum enim laboriosam non rem. Quasi sint voluptate aut quasi a et magnam ut ex consequuntur tempora voluptas omnis odio.\r\nNecessitatibus unde consectetur expedita et sit temporibus sunt aut molestiae nisi quisquam perspiciatis quis veniam. Ipsam reiciendis quas impedit vitae minus aspernatur maiores consequatur, architecto ut omnis exercitationem excepturi aut! Eveniet quaerat et ullam veniam natus reprehenderit aut nostrum eius sint earum repellendus necessitatibus error. Sit et omnis sit repellendus dicta consequatur vel omnis sit facere corrupti natus iste voluptatibus? Est accusantium, expedita inventore rerum nam unde eveniet officia laborum quia ipsam voluptatibus sunt blanditiis. Laudantium officiis, veniam ut dolor iste distinctio laborum doloribus quasi alias et est esse aut. Recusandae suscipit numquam culpa ipsa magni illum ut eligendi natus et error officiis cumque nulla. Dolor aut recusandae autem error sit consequatur repellendus magnam impedit minus doloremque omnis illo qui. Reiciendis ut, omnis nesciunt ut perspiciatis aspernatur et molestiae ut consectetur ullam laboriosam delectus voluptatibus. Rerum ullam optio asperiores veritatis dolores et id aut laboriosam est doloremque repellat quidem tempore; ut voluptas aut debitis neque deleniti harum quia dolores et minus sequi ipsam eius consectetur. Qui sequi omnis assumenda tempore id dolorem beatae corrupti quidem est dolores ipsam dolor placeat. Corrupti error aliquam sed ad voluptatibus voluptatum perspiciatis quia magnam nihil modi quasi aut odio. Eius accusantium dignissimos earum, eos necessitatibus sint nihil accusamus consequatur a voluptas ut dolor alias. Facere ipsa cumque quibusdam et vitae minus fugit ut voluptatum aliquam quo accusantium dicta perspiciatis; dolores vel sapiente iste illo adipisci sed pariatur unde sit error unde est amet eos.','2023-10-01 00:01:36',NULL),(37,'Playcyclor',940.03,1040.03,'Dolorem maiores sequi, consequuntur hic vel voluptatem fugiat alias facilis nostrum voluptas aut eveniet sint. Rem mollitia eius sequi ullam ad voluptas iste aliquam in nostrum necessitatibus at eos consequatur! Qui enim cum soluta nemo, voluptatem unde qui et voluptatem vel eius consequatur voluptate unde. Unde nostrum unde eos temporibus deserunt et consequatur unde quis deleniti quaerat sit voluptas eligendi. Et unde veniam sequi eius non ab quo qui rem, commodi repudiandae unde et non. Perferendis accusantium natus et sunt porro qui architecto aut quia omnis quis nemo voluptas qui; ut deserunt, architecto omnis possimus dolorem perspiciatis omnis ut nihil commodi iste in sed enim. Omnis aut laudantium qui itaque molestiae est velit suscipit enim ut laboriosam quis veniam numquam.\r\nQuia voluptate voluptas sit et, magnam natus iste a dolor qui natus omnis sit et. Iste quasi repellat harum sint velit iure quia sint quia amet quas sed quae aut. Est officia neque accusantium ut dolore facilis dolore dignissimos ullam dolore voluptatem architecto et ducimus. Quae ut consequatur asperiores placeat et voluptatem neque odit iste sit neque tenetur perspiciatis libero. Explicabo quia nisi dicta fugiat ducimus ut culpa quasi commodi sed dignissimos est autem sed. Laudantium omnis praesentium labore qui nisi incidunt architecto odit rerum exercitationem iste sed et debitis. Dolores deleniti necessitatibus minus ea veniam temporibus tempore aspernatur, error assumenda ex veritatis ut et. Illum nostrum vel nesciunt dolore corrupti voluptas est autem dolorem quis excepturi unde sed architecto; quo sunt suscipit voluptatem est sed modi ut labore obcaecati sit est et quos sequi? Voluptates reprehenderit consectetur odio veniam ipsum est, velit ipsum quasi dolores cum excepturi nihil officia! Facere ut magnam aliquid inventore architecto rerum consectetur repellat ratione magnam ipsam voluptas magni repudiandae. Ut et explicabo dolores mollitia eligendi exercitationem distinctio est amet qui aut enim autem error. Et sed quos quo incidunt error iste inventore ipsam velit numquam fugiat ut totam non. Quis enim quia sint blanditiis officiis ex esse optio provident placeat sed sit natus ut. Ipsum mollitia totam optio ratione sunt corrupti quo et voluptates consectetur eos perspiciatis a eum! Praesentium aut porro, qui saepe eos sit qui placeat magni aut perspiciatis sint et reiciendis; numquam sit quia id voluptates sunt eius perspiciatis quisquam est voluptates distinctio voluptatem ullam accusamus. Cum qui amet consequatur, quas quos sed quia tempore velit assumenda incidunt rerum consequatur voluptatem! Incidunt modi expedita voluptas odio omnis quam qui minus voluptas dolor ut cumque numquam dolor? Ad quis, molestiae est repudiandae voluptatum aut totam nemo soluta fugit temporibus reiciendis similique enim...','2023-11-11 20:57:22',NULL),(38,'Comcorder',66.20,76.20,'Error omnis officia totam tempore architecto assumenda nihil velit ut et architecto fugiat ut libero; ipsum consequuntur velit, ipsam consequatur quia et iste amet incidunt veniam qui ut illo iste. Consequatur labore omnis qui sed est obcaecati rerum sed quia earum iure eaque qui delectus. Laudantium molestias deleniti sit, ipsum nemo provident voluptatem iste omnis totam ut sed nisi repudiandae. Sed laudantium vel qui et voluptatem id est non unde amet dolor ut illum reprehenderit. Quae enim ab voluptas sed dolorem laboriosam perspiciatis doloremque sit, non voluptas quas itaque quia!','2023-12-03 13:25:51',NULL),(39,'Concycliner',62.03,72.03,'Laboriosam cumque dolores ut, unde iste officia ipsa et aut ab sit ut aspernatur nesciunt. Aut sit quod ipsum cum voluptatem est sint vero quidem consequatur dicta doloribus facere sed. Est voluptatem voluptatum, et dolorum id laboriosam nostrum quis sapiente aspernatur laborum dignissimos excepturi nisi. Et libero delectus aliquid qui est, ut earum ratione quo dolores magnam itaque nesciunt voluptatem? Quo quia aut, ut dolorem eveniet aut dolores eum ut quam eum distinctio temporibus porro. Vel dignissimos ut quos labore repellendus, sit eum in aut atque suscipit delectus qui iste! Quo iure sit delectus pariatur tempore aliquid quis cum voluptatem molestiae quas cumque voluptatem culpa. Molestiae eum dolorem aliquam ut quo illum eligendi voluptatem odio natus sed vero rem libero. Et eaque suscipit ratione, quo deserunt velit reiciendis provident et labore et doloremque laudantium sunt. Qui rerum minima quod nesciunt quia excepturi minima ipsam magni quas enim et tenetur sed; dignissimos et sed fugiat placeat iste eos aliquam placeat eaque voluptatem et temporibus incidunt quis. Natus ipsam cumque, non omnis voluptatem est ipsam qui perspiciatis dolorem incidunt dolor ut voluptatibus. Sunt illum omnis, optio consectetur ipsum exercitationem iste iusto voluptate sit cum consequatur nam nihil. Numquam rerum, ducimus modi non quasi autem dolorem ea commodi ut neque saepe sequi alias. Voluptas perspiciatis quas provident, fuga cumque maiores officiis mollitia ipsam debitis rerum maxime id rerum. Iste nam neque, qui consectetur quas veniam ea sed tenetur blanditiis eligendi architecto quo ratione! Earum nihil non, necessitatibus et nisi ut quo id reprehenderit recusandae molestiae est dolore error...\r\nQuos illum animi ipsum alias, nam qui magni consectetur sed quia dignissimos et voluptatem amet. Molestias atque sit omnis quia et alias minima libero totam ipsum in quia natus velit! Qui quia omnis tenetur iste expedita molestiae laborum, fuga sit ut nisi debitis sunt aspernatur; temporibus velit sed ex rerum, ut sint dignissimos in non alias molestiae mollitia magnam voluptas. Et reprehenderit rerum et necessitatibus sit ea assumenda id quis sed quia eum facere dolorem? Non magnam accusantium sint beatae porro aut, non obcaecati quaerat qui quam quia dolor cupiditate. Ut qui maiores accusantium qui tempora doloribus omnis perferendis totam consectetur unde consequatur ut velit! Dolor quaerat totam sed distinctio possimus nobis ut id earum corporis ipsum odit error et? Odit libero ut accusantium ut natus unde id atque, odio sunt quam et sed consequatur! Tempora inventore voluptate dolores accusamus commodi aliquid odit beatae eum labore sequi impedit porro est. Perspiciatis rerum pariatur dolorem modi sunt reiciendis, nisi aspernatur quisquam labore sed obcaecati et quis. Exercitationem animi consequuntur necessitatibus perspiciatis velit consequatur et culpa minima eius ut velit ipsum ipsa. Sint iste sit aut voluptatem sed quia necessitatibus odio, tempora non possimus rerum nesciunt perspiciatis. Tenetur sed nihil voluptates quaerat est dolor aut natus laboriosam assumenda ipsam architecto ducimus ut. Nostrum sint possimus quod velit sed accusamus inventore doloribus architecto non sed non corporis nesciunt.','2023-10-01 00:01:07',NULL),(40,'Readtinator',18.75,28.75,'Iste error eos nobis odio quos sit cupiditate exercitationem iste et error dolor itaque placeat. Dicta quia hic illo ipsam eum possimus aut error non et est laudantium aut et. Quia optio eveniet, minima qui nobis architecto quia iste sit dolore beatae error quasi sit. Qui eligendi nobis et voluptas nesciunt velit autem nemo aut labore officia perspiciatis illum consectetur.\r\nEst voluptatem non itaque, culpa explicabo ad voluptate illum reprehenderit eius eligendi laborum omnis sed. Doloremque molestiae voluptatem soluta, est vel ipsum ea aliquam expedita fugit est sint ut saepe. Inventore omnis nulla, tempora quibusdam et ipsa quia sequi exercitationem ut et labore quae molestias? Quia quo, amet iste sit quia et perspiciatis aliquam atque eos quo consequuntur nam deserunt. Vel ut natus voluptas error, debitis modi perspiciatis assumenda facere sit quaerat illum totam consequatur! Dicta blanditiis laborum incidunt in repellendus voluptatem neque ullam rerum sed natus ut quia modi. Enim libero laboriosam voluptatum aspernatur nesciunt in labore nihil ex rerum error sed soluta non! Unde aut molestias error ipsam voluptas illo nam quod dolor enim tenetur reprehenderit quibusdam quia. Excepturi eligendi voluptatum accusantium et itaque odit, quae in voluptas voluptatem repudiandae iste ut aliquid! Laborum et reprehenderit, consectetur qui et dolorum natus atque placeat quia dolor rerum aut quod. Aliquid sunt eum quo tempore non, ut labore laborum nam rerum tempora in harum aliquam! Recusandae commodi, quisquam ut amet odit explicabo voluptatum atque voluptatibus maiores aut provident architecto aut. Repellendus ut qui, voluptatem dolores impedit libero doloribus impedit quae qui omnis suscipit dolorem inventore. Perspiciatis ipsum molestiae quidem sunt nulla id ex voluptas perspiciatis error natus sit dolorum at; laboriosam eos, accusantium rerum ut ab error ad sunt omnis enim itaque illo quia laborum. Eveniet omnis, labore dolores quasi vel fugit eum sed assumenda sit dolores aperiam vel voluptatem. Omnis aut dolores quia et delectus voluptatem beatae ut qui quo voluptatem voluptas unde qui.','2023-12-15 02:22:30',NULL),(41,'Monmutedphone',981.99,1081.99,'Temporibus id reprehenderit voluptatem sit eos voluptatem laborum vitae odio odit qui et consequatur est. Ipsum quidem nemo magnam voluptates dolore molestias est doloremque fugiat ut voluptatem odit natus dicta! Qui quidem sequi voluptas deserunt unde nisi dolores sit ipsam aut dolores sunt autem aut. Voluptatem odit eos sed dicta molestias quas dolore corrupti nemo accusantium cum natus iste dolorem! Enim quae, minima tempora temporibus odio voluptatem aut dolorem quia consectetur sapiente commodi suscipit totam. Possimus praesentium recusandae voluptatem quisquam explicabo eius aliquid ipsa est necessitatibus explicabo doloribus odit dignissimos. Autem ab qui sit, deserunt quidem natus unde nihil cupiditate neque numquam sed rerum dignissimos! Laboriosam unde repellendus qui tempora debitis iure quia suscipit id laudantium voluptatem ut quam minima. Maiores exercitationem harum voluptas ullam ut magni natus in iusto nobis ut et eius tempora.','2023-10-01 00:00:19',NULL),(42,'Comjectiner',606.82,676.82,'Error iste quis nisi minima dolore et consequatur et quo odit velit vel eveniet dolores. Voluptas ut dolorum in velit itaque, aliquid quos veniam perspiciatis error distinctio doloribus quos vel. Impedit ut vel, sed voluptas modi a amet quas magnam autem expedita recusandae natus omnis. Error est dolor asperiores quia iure natus deserunt ut quis, ut aliquid iste ex in. Odit exercitationem possimus repellat ipsam ea veniam ut est, ab maiores aperiam ut vitae et! Molestiae iusto debitis placeat sit expedita dolores vitae quia officiis debitis nihil eos mollitia cum. Omnis maxime nobis voluptatem rerum et unde non qui ipsam est delectus laudantium sunt optio. Aspernatur explicabo harum nulla minus sed omnis ipsa reiciendis aspernatur, deleniti quibusdam est libero ut. Esse fugit ea quia dolor facere voluptatibus sint modi qui et debitis ipsa vitae animi. Voluptatem porro adipisci omnis nemo id quis dolore atque quod vel ea tempora dolore at; rem ratione voluptatem id quis qui, natus voluptatem ut distinctio velit aut velit sequi cum. Hic architecto commodi deserunt aut ut a sit omnis consectetur qui unde et unde qui; provident dolor minus reprehenderit et voluptas libero numquam non ea omnis incidunt nobis iusto qui. Sit perferendis optio quia consequatur asperiores quis rem porro vel sit tempore omnis sit omnis! Quaerat perspiciatis repudiandae omnis unde sapiente cupiditate sit ipsum dolore commodi non debitis deleniti dolorum...','2023-12-06 05:50:47',NULL),(43,'Playcycler',421.63,471.63,'Itaque qui adipisci dolorem sed iure consequatur in laudantium quam molestias qui iste animi impedit. Et quo assumenda sit tempore eaque repellendus vitae eaque voluptatem veniam eos obcaecati amet quam.\r\nInventore molestiae saepe laudantium quaerat doloremque aliquid et omnis ut at placeat iste enim dolores; quis quasi nisi magnam quasi sint ut nostrum corporis aperiam repellendus error nemo error aut. Ab accusantium mollitia nulla velit ipsam alias ex ea quidem, error facere nihil minima animi. Quod non sit quam asperiores et enim accusantium laudantium ea porro iste commodi in a; molestiae nesciunt earum illo nobis sunt aut itaque eos enim non iste perspiciatis quis unde; ipsam rerum numquam deleniti ducimus ratione possimus harum omnis placeat culpa sit dolorem veniam unde. Numquam laboriosam, et id aut voluptatem adipisci consequatur velit non quam consequuntur dolor vel omnis! Ipsum voluptatum dolore cumque velit consectetur iste in natus, aut impedit molestiae animi ut distinctio. Et voluptates, quisquam fugit eius qui est dicta asperiores eum debitis deserunt perferendis vel deleniti? Dolores cumque error voluptatem et enim voluptatem quia vel voluptatem iste et delectus natus sed. Non ut perspiciatis, veniam non a omnis ad enim voluptatem aut repudiandae ut perspiciatis ratione? Sit accusantium explicabo qui eum debitis quis sed est et in neque placeat odio saepe! Culpa iure delectus corporis maiores voluptatem sed dolorem ratione et earum, voluptas porro atque unde. Hic voluptas ex id eaque voluptatem fuga exercitationem quos dolores numquam necessitatibus sit corrupti temporibus. Atque odit maiores optio odit error qui omnis iste omnis voluptatem vitae voluptatem consequatur iste. A sit est qui aliquam nostrum tempore quia cumque enim ut eos qui ipsam maxime. Perspiciatis quo accusantium quisquam fugiat officia consectetur eaque odit perspiciatis molestiae id dolorum esse optio. Eius in porro non, rem mollitia ut repellendus ut id vel excepturi velit repudiandae molestias. In incidunt commodi error omnis in sint voluptatem mollitia optio officiis sit ut quidem quaerat.\r\nEt similique nulla nobis facilis minima voluptatem est, tempore repudiandae sapiente earum cumque in architecto. Mollitia sint, qui consectetur quam sunt ut dignissimos quis aut delectus sit et error dignissimos. Consequatur omnis doloremque sunt error amet cum iste quae aliquam illum sit sequi officia magnam. Blanditiis molestiae consequatur animi facilis qui autem aut sed debitis cum velit, aut quis perspiciatis! Similique eveniet ut iure totam hic sed unde velit quisquam ut reprehenderit et atque repudiandae. Ullam nobis eum dolor sit sint qui laudantium est quas veritatis quo aut ipsum vitae. Pariatur aut placeat consequatur quasi eius quo sit aut sed veritatis sit id et fuga! Perspiciatis ratione porro iste veniam odio iste, sit error enim odit quae laboriosam quisquam ad? Ut non eaque accusantium iste asperiores sit incidunt voluptas vitae aut tenetur error sit expedita. In velit modi et quis dolorem consequatur tempore, debitis dolorum quibusdam blanditiis molestias nihil quaerat. Vero voluptatibus in delectus autem veniam nostrum assumenda id veritatis quasi accusamus nostrum id ipsum. Beatae et unde debitis odit ratione aut nesciunt minima unde qui cupiditate quas atque maiores. Omnis amet expedita velit est sint, modi et tempora aut ipsa error animi illum dicta; unde repudiandae possimus quasi voluptas est repudiandae quia eaque sit officiis accusamus est doloremque et. Quibusdam itaque, totam expedita dolorum sed doloremque enim sit et sit ipsa repellendus adipisci quasi. Tempore mollitia sed magnam nesciunt in sapiente dolor sit minima sed ut sed eaque voluptas? Consequatur ducimus aut vitae eos adipisci porro et id, ex repellendus dignissimos eaque ut aut.','2023-10-01 00:10:07',NULL),(44,'Comlifioner',691.26,761.26,'Repellendus odit recusandae, sit et dolor odit eius dolores recusandae quam voluptate aliquid aut doloribus. Quia unde ea et eum autem quod nam aliquid dolores natus sequi porro repellat ut!','2023-10-12 23:33:23',NULL),(45,'Cableer',181.18,201.18,'Non velit eveniet, iste ut ad odit atque unde obcaecati sit aut ab et placeat. Distinctio quia repudiandae id asperiores quia natus sed perspiciatis quia dolorem fugit omnis vitae quo; id sit blanditiis, amet voluptatum sit ea iure accusamus autem dolores nobis rerum quae quia. Modi pariatur excepturi sit eligendi cupiditate omnis assumenda aut dicta magnam non dolores qui libero! Voluptatem placeat eligendi ab natus molestias sunt perspiciatis ea aspernatur atque enim quia sapiente culpa. Ipsum dolorum ullam inventore ducimus sapiente aliquam quisquam sed consequatur exercitationem impedit et rerum incidunt? Nihil ratione dolorem rerum officia est aspernatur est sed facilis sed, id eveniet laudantium iste. Doloremque est dicta sunt mollitia rerum perspiciatis ut omnis praesentium magni accusamus ut et natus!','2023-10-29 06:51:17',NULL),(46,'Rejectlet',828.49,918.49,'Ut consectetur aut recusandae vero sit, tempore atque nihil perspiciatis et voluptatibus porro temporibus sit. Molestiae nisi inventore quos asperiores est qui eaque corporis sed recusandae vitae perspiciatis dolor velit? Sint ipsam aut et rerum cumque necessitatibus quia autem perspiciatis dolores in quis inventore ut. Nostrum sed, qui dicta qui tempora temporibus recusandae ullam voluptatem ea totam id dicta totam. Autem accusantium consectetur exercitationem dolores, obcaecati ut ipsa aut cum beatae quis consequuntur tenetur quia. Et omnis non ex impedit vitae quis fuga et impedit provident omnis mollitia rerum id! Et consequuntur, quia aliquam error esse fugit maxime et est eos dolorem sed sint voluptas; qui similique officiis rerum quidem rerum non qui modi culpa quis corrupti corporis eveniet qui. Quasi magni sit facere aperiam deserunt aliquid et omnis eum rerum sed voluptates ea dolor? Culpa dolor perspiciatis doloremque commodi sed sit ipsa perspiciatis voluptatibus cum qui quos aperiam ipsum! Non qui enim in sit, et unde nesciunt rem ab omnis dolores non cumque error. Nisi minima vero enim amet, sed voluptatem voluptas commodi voluptatem possimus provident ut laboriosam architecto. Tenetur hic inventore error in ut omnis incidunt rerum iste consequatur maiores officia rerum sit! Libero quis nulla aut molestiae perspiciatis, quos aut quasi nostrum enim ratione id dolorum sit? Illum beatae et voluptas adipisci quo id autem vel tempore perferendis voluptatem error qui laudantium. Ea quas nostrum et eaque ea debitis saepe provident aut perspiciatis qui eum odit est; sed ullam sed repudiandae et ut sed voluptatem nam sit sed quia voluptate modi ducimus. Cum labore velit odit est ut a officiis velit ipsam perspiciatis cumque enim velit iste! Earum eaque ut ea vel sint nam veniam pariatur ex error sapiente sit sed adipisci. Veritatis amet accusamus explicabo ad error est sapiente eum unde sed magnam iure ratione iste.\r\nVeniam et optio, nulla amet aut et similique ut non ducimus nisi iste consequatur facere; qui aut recusandae dolores inventore natus voluptatem autem accusamus ut aut praesentium voluptatum fugit et. Sapiente dolores qui ex, et quo unde dicta architecto at iste omnis quae ut dicta! Natus corrupti sequi sit culpa facilis voluptatem vel veritatis amet corrupti enim eum et natus. Vel temporibus ut natus, cupiditate praesentium quia autem quis laboriosam adipisci excepturi facilis vel vitae. Commodi fuga est, sint ut architecto qui omnis impedit error iste voluptatem praesentium enim sed! Asperiores illo recusandae perspiciatis amet iusto blanditiis deleniti fuga explicabo autem similique dolorum cupiditate et. Adipisci dolorum sed repudiandae eius totam in ullam optio in non consequatur sapiente et voluptas. Cumque magni facere enim natus nostrum quod debitis aut esse perferendis ipsam voluptas dolore quaerat. Ratione nulla beatae obcaecati error in itaque rerum voluptatem ab omnis reprehenderit perspiciatis praesentium ipsum! Beatae necessitatibus fuga accusantium laboriosam et maxime ut qui aut cum necessitatibus suscipit vitae qui. Culpa ratione ut qui, distinctio ratione pariatur perspiciatis error neque et quia minima dolorem ut. Ratione molestias quis natus dolorem nesciunt sed ad unde ut quia iure ea sed sequi. Modi sequi omnis in reprehenderit dolorem omnis, suscipit in quos repellat unde quasi cumque dolor...','2023-11-06 08:04:46',NULL),(47,'Commutimator',183.83,203.83,'Iste voluptatem rem qui labore dolores dolore eum, est incidunt eaque ullam dolor quis voluptas. Dolor veniam ipsum nobis perspiciatis perferendis sit, voluptatem neque eos aut accusamus id laborum et. Debitis dolores dicta beatae officia in facilis debitis aliquam expedita vel voluptatibus at consectetur est. Velit aspernatur rerum vel esse sed sequi et voluptate sed nesciunt ad amet sint ut! Dolores cupiditate et consequatur distinctio ipsa officiis et est nisi non in fugiat nihil dolor. In omnis sed fugit in ipsam est voluptates non deserunt est asperiores provident qui reiciendis...','2023-10-30 08:12:23',NULL),(48,'Miccordar',949.84,1049.84,'Ipsum consequatur neque rem ea excepturi natus veniam est ut temporibus placeat quibusdam deserunt qui. Sit ad earum at, voluptatibus error velit perspiciatis facere ipsa modi et eius molestias veniam! Similique minus voluptas nemo consequuntur ipsam sit laboriosam sit labore aut modi error eligendi id. Porro et beatae qui suscipit aspernatur sunt suscipit ipsam quibusdam eos ut quis sit sed; eius tempore adipisci eos laboriosam error omnis sunt ut sunt quia et adipisci qui aut. Perspiciatis natus sunt numquam deserunt nisi voluptas excepturi labore, qui aut ratione commodi sint adipisci. Alias velit qui consectetur exercitationem sapiente similique itaque, non maiores qui omnis corrupti libero autem! Ut unde tempore quaerat fugit dolores quis nulla omnis modi hic qui repellat debitis eaque? Sed vel voluptatem et adipisci numquam laudantium enim et nihil velit repellendus eligendi voluptas et. Vitae voluptatem saepe et consectetur voluptate sed doloribus qui rerum quisquam molestiae ipsum impedit aut. Voluptatum recusandae doloremque labore, fugit voluptatem nihil sit unde ipsum velit enim beatae voluptatum qui! Quia sint officia nobis omnis pariatur odit ut totam, sit beatae amet quasi corporis ut.\r\nIncidunt quia commodi magni quae incidunt dolor quam fugit omnis in est veniam corrupti veniam. Hic aperiam incidunt velit harum tempore error eveniet dolore velit non, vel aliquam quos illum. Autem officia ut, perspiciatis vitae aspernatur omnis nemo quae exercitationem omnis rerum et est necessitatibus. Sequi quibusdam et exercitationem quasi, recusandae ipsam ab perferendis autem provident eos praesentium incidunt est! Consequatur asperiores, omnis tempora consequatur assumenda nisi ducimus qui cum a ipsam nulla corrupti fugiat? Vero aliquam et ad quia hic fuga ut possimus neque autem earum nobis perspiciatis enim. Facere quos vel nam error sapiente eos sit labore, error quasi repellendus sit nihil rerum. Eligendi quia iusto dicta pariatur voluptate est minus maxime sit eius maxime facilis in voluptatem. Distinctio illo quibusdam quia porro ut error odit rerum sint ratione blanditiis obcaecati consectetur sed; inventore minus eos eum voluptatem possimus rerum et quis aliquam iste qui voluptas et modi. Harum expedita cupiditate quia perspiciatis quae voluptatem qui incidunt iusto qui suscipit est dignissimos aut! Pariatur qui, illo eos reiciendis illo quisquam voluptatem error animi illo dolorum non error autem. Et neque exercitationem sunt recusandae nostrum voluptatem illo voluptas rem doloremque sit et molestiae et. Officia ea reprehenderit voluptates magni sunt accusamus ea a alias voluptatem sit, corporis sed est. Rerum sed adipisci atque voluptatem natus cumque et nisi in ut ratione quia in omnis! Natus voluptas corrupti culpa laudantium sequi autem libero odit quis numquam reiciendis ullam et in. Eum dignissimos facilis quia, dolor iste quia repellat et nobis blanditiis ut et perspiciatis cumque; est omnis nihil, et itaque quos cum sit nihil tempora quo sapiente rem excepturi molestiae. Omnis excepturi omnis sit, sequi laborum excepturi officia dolor omnis esse corporis debitis sit error.','2023-10-13 11:30:22',NULL),(49,'Anmuter',854.75,944.75,'Dolore nesciunt natus, aspernatur unde ipsum enim esse ut unde aliquid dolorem ut in libero. Voluptatem aut et debitis odio ad nostrum enim illum sit voluptatem libero sit suscipit et? Unde qui in eos consectetur, explicabo est consectetur sint iure voluptatum sed molestiae dolorum sit. Eum voluptas maxime ut qui consectetur nihil dolore ex perferendis voluptas aperiam totam ullam quidem. Totam sit numquam fugiat suscipit ut omnis consequatur tenetur laudantium est consequatur amet rerum quasi. Sapiente ipsam tempore dolorem debitis aperiam, error id unde aut voluptatem id sunt sit vitae. Officia perferendis consequuntur quia voluptate voluptatum aspernatur nihil vitae sapiente unde eius vitae laudantium dolorem. Aperiam quia ipsum omnis voluptas distinctio magni est nulla facere, nam ut eum rerum consectetur. Sit architecto odit et molestiae reiciendis quo earum repellendus odio reprehenderit eaque voluptatem laborum suscipit. Illo sit vitae rem nesciunt illo voluptas voluptatem est neque ipsa qui perspiciatis sequi quasi! Quia ut quasi deleniti qui omnis esse numquam asperiores et nihil quis in provident eius. Optio est omnis et, nemo omnis ab sed labore dignissimos ipsa ut amet sit rerum. Quidem in sit facere quia necessitatibus error labore neque exercitationem laboriosam assumenda ut eos architecto! Necessitatibus adipisci ratione nemo, aperiam placeat culpa est aperiam aut sit debitis ut natus ut? Beatae tenetur error, architecto aspernatur delectus minima pariatur et dolores iste aperiam veniam porro nisi! Rerum molestiae dolor itaque ullam ut eaque veritatis sapiente recusandae consequatur delectus qui sapiente amet.','2023-12-17 06:03:20',NULL),(50,'Cartfindridge',47.40,57.40,'Perferendis et sequi obcaecati iste sequi natus quod non et laboriosam unde aliquid alias eos. Ea deserunt saepe perspiciatis quas sequi repudiandae voluptatem earum quidem et ullam sed voluptas neque. Consequatur et officiis perspiciatis in quo numquam aliquam velit repudiandae eligendi sit facilis non illo? Illum ad dolorem commodi possimus quas magnam quis optio voluptas officiis blanditiis omnis molestias cumque! Molestias consequatur quo nam quam eos vero et sed est error ipsam accusamus dolorem nemo. Nobis officiis perspiciatis molestiae dolor sit quos temporibus optio qui iste quo qui at soluta! Dolore amet, sint et aut amet eos aliquam at distinctio modi atque suscipit officiis fugiat.','2023-11-26 06:38:52',NULL);
/*!40000 ALTER TABLE `products` ENABLE KEYS */;
UNLOCK TABLES;

--
-- Table structure for table `roles`
--

DROP TABLE IF EXISTS `roles`;
/*!40101 SET @saved_cs_client     = @@character_set_client */;
/*!50503 SET character_set_client = utf8mb4 */;
CREATE TABLE `roles` (
  `id` tinyint NOT NULL AUTO_INCREMENT,
  `name` varchar(50) NOT NULL,
  PRIMARY KEY (`id`),
  UNIQUE KEY `id_UNIQUE` (`id`),
  UNIQUE KEY `name_UNIQUE` (`name`)
) ENGINE=InnoDB AUTO_INCREMENT=4 DEFAULT CHARSET=utf8mb3;
/*!40101 SET character_set_client = @saved_cs_client */;

--
-- Dumping data for table `roles`
--

LOCK TABLES `roles` WRITE;
/*!40000 ALTER TABLE `roles` DISABLE KEYS */;
INSERT INTO `roles` VALUES (2,'admin'),(3,'customer'),(1,'owner');
/*!40000 ALTER TABLE `roles` ENABLE KEYS */;
UNLOCK TABLES;

--
-- Table structure for table `shippers`
--

DROP TABLE IF EXISTS `shippers`;
/*!40101 SET @saved_cs_client     = @@character_set_client */;
/*!50503 SET character_set_client = utf8mb4 */;
CREATE TABLE `shippers` (
  `id` tinyint NOT NULL AUTO_INCREMENT,
  `name` varchar(50) NOT NULL,
  PRIMARY KEY (`id`),
  UNIQUE KEY `name_UNIQUE` (`name`),
  UNIQUE KEY `id_UNIQUE` (`id`)
) ENGINE=InnoDB AUTO_INCREMENT=13 DEFAULT CHARSET=utf8mb3;
/*!40101 SET character_set_client = @saved_cs_client */;

--
-- Dumping data for table `shippers`
--

LOCK TABLES `shippers` WRITE;
/*!40000 ALTER TABLE `shippers` DISABLE KEYS */;
INSERT INTO `shippers` VALUES (2,'Airmail Economy'),(12,'Airmail Priority'),(6,'Boxberry Courier'),(7,'Boxberry Local Pickup'),(5,'DHL'),(1,'FedEx'),(9,'FedEx Freight'),(4,'MPS'),(3,'TNT'),(11,'USPS Express Mail'),(8,'USPS First Class Mail'),(10,'USPS Priority Mail');
/*!40000 ALTER TABLE `shippers` ENABLE KEYS */;
UNLOCK TABLES;

--
-- Table structure for table `statuses`
--

DROP TABLE IF EXISTS `statuses`;
/*!40101 SET @saved_cs_client     = @@character_set_client */;
/*!50503 SET character_set_client = utf8mb4 */;
CREATE TABLE `statuses` (
  `id` tinyint NOT NULL AUTO_INCREMENT,
  `name` varchar(50) NOT NULL,
  PRIMARY KEY (`id`),
  UNIQUE KEY `id_UNIQUE` (`id`),
  UNIQUE KEY `name_UNIQUE` (`name`)
) ENGINE=InnoDB AUTO_INCREMENT=4 DEFAULT CHARSET=utf8mb3;
/*!40101 SET character_set_client = @saved_cs_client */;

--
-- Dumping data for table `statuses`
--

LOCK TABLES `statuses` WRITE;
/*!40000 ALTER TABLE `statuses` DISABLE KEYS */;
INSERT INTO `statuses` VALUES (3,'Delivered'),(1,'Processed'),(2,'Shipped');
/*!40000 ALTER TABLE `statuses` ENABLE KEYS */;
UNLOCK TABLES;

--
-- Table structure for table `traces`
--

DROP TABLE IF EXISTS `traces`;
/*!40101 SET @saved_cs_client     = @@character_set_client */;
/*!50503 SET character_set_client = utf8mb4 */;
CREATE TABLE `traces` (
  `user_id` bigint NOT NULL,
  `product_id` bigint NOT NULL,
  `date` datetime NOT NULL DEFAULT CURRENT_TIMESTAMP,
  PRIMARY KEY (`user_id`,`product_id`),
  KEY `idx_user_id` (`user_id`),
  KEY `idx_product_id` (`product_id`),
  CONSTRAINT `traces_ibfk_1` FOREIGN KEY (`user_id`) REFERENCES `users` (`id`) ON DELETE CASCADE ON UPDATE CASCADE,
  CONSTRAINT `traces_ibfk_2` FOREIGN KEY (`product_id`) REFERENCES `products` (`id`) ON DELETE CASCADE ON UPDATE CASCADE
) ENGINE=InnoDB DEFAULT CHARSET=utf8mb4 COLLATE=utf8mb4_unicode_ci;
/*!40101 SET character_set_client = @saved_cs_client */;

--
-- Dumping data for table `traces`
--

LOCK TABLES `traces` WRITE;
/*!40000 ALTER TABLE `traces` DISABLE KEYS */;
INSERT INTO `traces` VALUES (1,1,'2024-05-07 02:24:15'),(2,2,'2024-03-20 00:37:31'),(3,3,'2024-01-01 00:00:10'),(4,4,'2024-02-24 06:29:33'),(5,5,'2024-05-23 20:07:49'),(6,6,'2024-04-04 21:58:37'),(7,7,'2024-05-19 05:36:21'),(8,8,'2024-02-05 11:19:54'),(9,9,'2024-05-12 20:44:22'),(10,10,'2024-04-19 01:29:55'),(11,11,'2024-01-01 01:01:51'),(12,12,'2024-03-23 01:26:15'),(13,13,'2024-01-01 00:16:27'),(14,14,'2024-03-09 12:46:52'),(15,15,'2024-01-07 22:22:08'),(16,16,'2024-05-23 17:53:07'),(17,17,'2024-01-18 08:25:18'),(18,18,'2024-04-13 20:59:33'),(19,19,'2024-01-01 02:16:18'),(20,20,'2024-01-01 00:38:36'),(21,21,'2024-01-01 16:53:47'),(22,22,'2024-01-01 00:01:16'),(23,23,'2024-05-14 10:55:07'),(24,24,'2024-04-15 20:27:14'),(25,25,'2024-01-01 00:00:08'),(26,26,'2024-05-26 08:12:42'),(27,27,'2024-01-01 00:01:06'),(28,28,'2024-04-29 06:04:59'),(29,29,'2024-01-01 00:11:26'),(30,30,'2024-03-05 06:10:50'),(31,31,'2024-05-02 03:36:42'),(32,32,'2024-03-27 02:54:30'),(33,33,'2024-01-01 00:00:01'),(34,34,'2024-02-24 09:28:05'),(35,35,'2024-01-25 17:59:28'),(36,36,'2024-05-14 11:35:36'),(37,37,'2024-04-28 08:50:20'),(38,38,'2024-01-01 00:00:04'),(39,39,'2024-01-24 10:49:24'),(40,40,'2024-04-01 03:43:49'),(41,41,'2024-03-03 10:59:51'),(42,42,'2024-01-01 00:00:01'),(43,43,'2024-01-01 01:33:25'),(44,44,'2024-02-15 01:16:05'),(45,45,'2024-02-17 18:25:41'),(46,46,'2024-01-01 00:00:09'),(47,47,'2024-04-22 09:40:09'),(48,48,'2024-01-01 00:00:08'),(49,49,'2024-01-01 00:44:54'),(50,50,'2024-05-17 15:55:18');
/*!40000 ALTER TABLE `traces` ENABLE KEYS */;
UNLOCK TABLES;

--
-- Table structure for table `users`
--

DROP TABLE IF EXISTS `users`;
/*!40101 SET @saved_cs_client     = @@character_set_client */;
/*!50503 SET character_set_client = utf8mb4 */;
CREATE TABLE `users` (
  `id` bigint NOT NULL AUTO_INCREMENT,
  `contact` varchar(255) COLLATE utf8mb4_unicode_ci NOT NULL,
  `password` varchar(255) COLLATE utf8mb4_unicode_ci NOT NULL,
  `role_id` tinyint NOT NULL,
  `firstname` varchar(50) COLLATE utf8mb4_unicode_ci NOT NULL,
  `lastname` varchar(50) COLLATE utf8mb4_unicode_ci DEFAULT NULL,
  `balance` decimal(15,2) unsigned DEFAULT NULL,
  `country` varchar(50) COLLATE utf8mb4_unicode_ci NOT NULL,
  `province` varchar(50) COLLATE utf8mb4_unicode_ci NOT NULL,
  `city` varchar(50) COLLATE utf8mb4_unicode_ci NOT NULL,
  `address` varchar(500) COLLATE utf8mb4_unicode_ci NOT NULL,
  `auth_time` datetime NOT NULL DEFAULT CURRENT_TIMESTAMP,
  PRIMARY KEY (`id`),
  UNIQUE KEY `id_UNIQUE` (`id`),
  UNIQUE KEY `contact_UNIQUE` (`contact`),
  KEY `fk_users_user_roles1_idx` (`role_id`),
  CONSTRAINT `fk_users_user_roles` FOREIGN KEY (`role_id`) REFERENCES `roles` (`id`) ON UPDATE CASCADE
) ENGINE=InnoDB AUTO_INCREMENT=55 DEFAULT CHARSET=utf8mb4 COLLATE=utf8mb4_unicode_ci;
/*!40101 SET character_set_client = @saved_cs_client */;

--
-- Dumping data for table `users`
--

LOCK TABLES `users` WRITE;
/*!40000 ALTER TABLE `users` DISABLE KEYS */;
INSERT INTO `users` VALUES (1,'agajan.st@gmail.com','Adam2046',1,'Agajan','Sahatov',8224306349573.82,'Turkmenistan','Mary','Yoloten','Momotay 16','2023-09-01 17:56:42'),(2,'agajansahatov@hotmail.com','Adam2046',2,'Agajan','Sahatow',691.54,'China','Shanxi','Jinzhong','Taiyuan University of Technology','2023-08-31 00:11:32'),(3,'+49 (0367) 660137','jDdpptsu9/PnmMknSN3VTA==',3,'Ellsworth','Ponder',6530353729050.97,'Morocco','Salem','Pierre','1042 Rose Hill Blvd, First Security Building, Jefferson City, Missouri, 94707','2023-09-01 06:41:11'),(4,'+49 2478 508194','4XXLEwpQu0coTSMujvfAng==',3,'Trinity','Beane',4092645117101.68,'Ireland','Austin','Murdock','11 East Hope Lane, Montgomery, Alabama, 76177','2023-11-15 01:04:02'),(5,'+44 407 407 0849','CclpI/aDHWJDTEkwqeWy8Q==',3,'Cassy','Saunders',7417.03,'Mongolia','Harrisburg','Zuni','1318 Brentwood Ct, Nipper Building, Olympia, Washington, 89919','2023-08-31 02:03:38'),(6,'+49 (6286) 887699','qfzQvYqilLM9zng8fPGMEA==',3,'Joshua','Dunbar',5908843211933.95,'Denmark','Tallahassee','Dammeron Valley','1974 West Church Ct, Fisher Building, Sacramento, CA, 85595','2023-10-13 18:27:20'),(7,'+380 39 777-004-6','Jc9sq7ELetu8UaDw6zgsSw==',3,'Hung','Lynch',9991422132185.75,'Panama','Denver','Washoe Valley','1883 Hidden Rose Hill Avenue, Montgomery, Alabama, 34553','2023-10-23 11:11:15'),(8,'+55 53 5320-4330','NYsB8IkyCMLcQXVVw74lcg==',3,'David','Castillo',8.88,'Croatia','Hartford','Pierson','149 Church Hwy, Comcast Building, Harrisburg, Pennsylvania, 62470','2023-08-31 00:00:09'),(9,'+380 51 969-973-3','cnYC10ACkyzQKmvlHq5Bdg==',3,'Charlie','Granger',4893526943770.71,'Austria','Sacramento','Bloomington','535 South Prospect Hill Hwy, MidAmerican Building, Phoenix, Arizona, 47599','2023-12-01 00:00:16'),(10,'+55 36 3175-9675','6kAsYALy3COI344eUSkgXg==',3,'Elza','Duncan',4530572113605.12,'Argentina','Phoenix','Colorado Springs','2135 Ironwood Blvd, Montgomery, Alabama, 36747','2023-11-25 21:56:44'),(11,'+49-3508-653177','vOlKEes+bfTDP3Vh1p0/XQ==',3,'Delmer','Grant',759.78,'Lebanon','Richmond','Murfreesboro','3815 1st Pkwy, Standard Building, Juneau, AK, 76816','2023-08-31 00:12:40'),(12,'+49 (6319) 870192','iiMLctaFP3SxtZK+7vZsJw==',3,'Criselda','Irwin',3898.13,'Argentina','Concord','Bloomsburg','332 NW Monument Street, Lincoln, Nebraska, 44039','2023-08-31 01:04:59'),(13,'+420 826 251 339','I4n/rLDpi00wrDUagBgZbQ==',3,'Clement','Tibbetts',3982718621011.27,'Portugal','Baton Rouge','Leopold','3749 Sharp Hill Dr, Diamond Building, Dover, DE, 50332','2023-09-16 14:47:09'),(14,'+55 18 5356-1817','V967cRdqkeY3FeXuVmDOkQ==',3,'Jamison','Lynn',7583032758432.27,'Samoa','Little Rock','Colquitt','435 Riddle Hill Way, Buhl Bldg, Raleigh, North Carolina, 16033','2023-09-06 19:44:03'),(15,'+33 7 42 02 33 23','i0Pg5skKOKcdz9bjHxHDEg==',3,'Sydney','Isaac',572.35,'Nicaragua','Austin','Friedens','2985 South Lake Circle, Nipper Bldg, Tallahassee, Florida, 14707','2023-08-31 00:09:33'),(16,'+33 0 94 66 48 26','fJmSYxqaI613Q+SqC2M7NQ==',3,'Sheila','Metz',NULL,'Brazil','Richmond','Bloomsbury','872 Hunting Hill Loop, Austin, Texas, 83010','2023-12-14 17:21:52'),(17,'+49 (1086) 416235','FlOqlVwO47cNcVStOlh7aA==',3,'Lenard','Pool',7726751012353.01,'Iceland','Santa Fe','Damon','3039 W Pine Tree St, First Security Bldg, Indianapolis, Indiana, 54166','2023-12-03 10:45:58'),(18,'+49 (1456) 725946','xnhtAulSUXr8Z1CvSZrkdQ==',3,'Efrain','Dunham',4986485591093.18,'Sri Lanka','Atlanta','Pierz','2151 Monument Way, Little Rock, AR, 08293','2023-09-30 06:46:45'),(19,'+33 5 12 82 05 62','mMKmfvliMwWKlBXQ5dtEtw==',3,'Waylon','Savage',4756768937825.63,'France','Lincoln','Murphy','275 Rockwood Ave, Superior Building, Little Rock, Arkansas, 26965','2023-11-12 23:58:31'),(20,'+49 7423 733761','aadMMmHNSa0hS8gX6GIFPw==',3,'Brande','Beard',6944150497772.76,'Malaysia','Denver','Pigeon','1184 Cedar Tree Highway, Frankfort, Kentucky, 26665','2023-09-12 15:21:30'),(21,'+32 6 135 40 45','w38SalP+8OUgc0l4Wkbzaw==',3,'Merrill','Metzger',1792715278050.07,'Peru','Oklahoma City','Colrain','2320 NW Glenwood Highway, Honolulu, Hawaii, 42570','2023-09-15 02:35:18'),(22,'+1 173-101-2968','GTAI8aaJrJ8m82vaAugrpw==',3,'Jannet','Grantham',1152284420753.00,'Fiji','Pierre','Friendship','381 Chapel Hill Ct, Des Moines, Iowa, 67526','2023-11-07 04:42:01'),(23,'+32 0 184 22 87','T5aQluNE7K1igbFLkjXqaQ==',3,'Hassan','Dunlap',1865366761692.58,'France','Tallahassee','Mount Desert','160 Ironwood Street, Little Rock, Arkansas, 52311','2023-11-22 13:44:50'),(24,'+380 37 984-897-1','WNleoO5klKEpzV7hZaKGyA==',3,'Abdul','Castle',NULL,'India','Montgomery','Leoti','3320 SE Sharp Hill Drive, Dover, DE, 68278','2023-12-04 12:18:27'),(25,'+44 6203 47 1719','vZzTuzHSwxlqlNtHEtPHKw==',3,'Michael','Tibbs',1071395205796.91,'Morocco','Columbus','Murphysboro','1965 Beachwood Drive, Buhl Building, Columbia, SC, 33903','2023-09-03 21:12:37'),(26,'+44 0768 938917','bBLhMTB8RfG8BbTPR5UQkg==',3,'Benjamin','Lyon',2748034343081.05,'Mexico','Montgomery','Dana Point','303 Riddle Hill St, Penobscot Bldg, Trenton, NJ, 21630','2023-11-13 00:07:31'),(27,'+380 96 468-232-0','u3koLRB9LA24IS2M4KbAVw==',3,'Abe','Savoy',3572864752438.17,'Nigeria','Helena','Mount Dora','3266 SW Riverview Highway, Nipper Bldg, Baton Rouge, Louisiana, 84965','2023-12-26 20:57:56'),(28,'+52 70 7666 1058','atTAU+5xVVCL2N4BJwcCJw==',3,'Maryland','Graves',6228271619591.68,'France','Sacramento','Blountstown','259 Woodcock Ln, Appartment 57, Lansing, Michigan, 60054','2023-12-11 09:22:48'),(29,'+420 575 243 985','NiX7x0XALZd7qa0IZsKdNg==',3,'Niesha','Isaacs',4643546631166.20,'Malaysia','Des Moines','Pigeon Forge','3397 Old Beachwood Rd, Fisher Bldg, Oklahoma City, Oklahoma, 04995','2023-12-29 15:37:03'),(30,'+1 364-651-4882','pt6M8EsDvNOvOmwr389kxw==',3,'Ellie','Poole',1305207784990.93,'Ukraine','Trenton','Colstrip','3501 W Ashwood Loop, Augusta, ME, 98229','2023-10-02 05:09:38'),(31,'+44 2631 56 3014','ktE66UOwJc/sDsn+m+kh1Q==',3,'Bernie','Tidwell',5551967149190.45,'Finland','Honolulu','Blountsville','3882 Bayview Drive, Equitable Building, Albany, New York, 92162','2023-08-31 00:07:16'),(32,'+44 1991 56 7630','BUtvkFg8/ODBRCb9sFh6PA==',3,'Antonia','Metzler',2517047660062.67,'Iraq','Little Rock','Colton','137 E Hunting Hill Parkway, Boston, Massachusetts, 03204','2023-12-03 20:13:41'),(33,'+44 7837 147072','/m39fr3USbZI5PFN2NPvBw==',3,'Caitlyn','Porter',435.80,'Georgia','Hartford','Blountville','3702 N Front Ct, Jefferson City, MO, 94113','2023-12-20 02:19:38'),(34,'+32 2 247 98 12','gsIKNoIi/yalyb59B0F3zQ==',3,'Rolande','Meyer',4860109943979.95,'Guyana','Carson City','Murray','553 52th Hwy, Santa Fe, New Mexico, 55341','2023-12-15 22:53:48'),(35,'+55 22 9830-9197','jSWcUzkF9a1WeEwpRJFUJQ==',3,'Elease','Porterfield',4300216775960.34,'Botswana','Raleigh','Piggott','200 SW Hope Blvd, Harrisburg, Pennsylvania, 02680','2023-12-25 06:11:39'),(36,'+33 9 99 10 00 43','VUiTBle4sKuNaAdSKxZ/Lg==',3,'Lorrie','Sawyer',5399366893953.48,'Belgium','Dover','Friendsville','594 East Rose Hill Court, STE 9899, Topeka, Kansas, 06709','2023-11-04 05:25:29'),(37,'+44 738 716 5859','tCrXkwdF40ZoO8AXNKILWw==',3,'Tosha','Tierney',NULL,'Switzerland','Montgomery','Colts Neck','461 New Monument Highway, Dover, Delaware, 92663','2023-08-31 01:43:51'),(38,'+44 904 449 9376','I/kCN8UdzxwaZlci31v55A==',3,'Jerrod','Dunn',6849561394656.52,'Brazil','Richmond','Blue Ball','1916 West Rose Hill Lane, 1st Floor, Juneau, AK, 17226','2023-11-09 10:02:57'),(39,'+33 2 52 72 25 16','QlSaVDw5sdhZBFkh33Bxug==',3,'Lovetta','Meyers',7857845496727.87,'Albania','Charleston','Spearfish','2150 NE Brentwood Parkway, Salem, Oregon, 96639','2023-09-28 22:54:11'),(40,'+44 1746 84 8126','OZsMTLI8AhpbtP/sFHl+1Q==',3,'Normand','Portillo',6230.15,'Austria','Sacramento','Lepanto','445 Rock Hill Rd, Equitable Bldg, Carson City, NV, 08847','2023-08-31 00:06:13'),(41,'+420 764 368 426','DN2+fHp/xy3kUg6HARgWDQ==',3,'Virgil','Bearden',747907465358.28,'Latvia','Pierre','Murrells Inlet','867 Rushwood Drive, Comcast Building, Sacramento, California, 95471','2023-10-13 05:54:59'),(42,'+44 8166 83 4830','hGfIsv5/fW22v5z8fqMG+w==',3,'Alana','Lyons',6201526407963.06,'Portugal','Providence','Pike','1110 Town Circle, Des Moines, IA, 99237','2023-10-07 03:39:50'),(43,'+49 (7814) 487503','sBXZ/vh6cPLMAp/H31u4/Q==',3,'Alison','Sawyers',372.68,'Belize','Montpelier','Mount Ephraim','1993 2nd Ln, 2nd Floor, Montpelier, VT, 86287','2023-12-29 09:54:48'),(44,'+33 3 09 12 27 18','kkhSa1MFGQ5KTFqs8do8iw==',3,'Ethelyn','Tijerina',3903751139700.59,'Botswana','Tallahassee','Danboro','893 Stonewood Highway, STE 30, Trenton, NJ, 08990','2023-11-22 21:09:20'),(45,'+971 9 911 2570','LY3wKqaBU0fkNt+SkS/wtA==',3,'Alaina','Isaacson',6374861761965.74,'Kuwait','Austin','Columbia','1647 Glenwood Ln, Macy\'s Bldg, Raleigh, North Carolina, 35791','2023-08-31 00:00:38'),(46,'+49 6838 848923','6yxFUQHPGZ34oTWkPh6/Pg==',3,'Missy','Grayson',2796143977179.94,'Kuwait','Des Moines','Blue Bell','1545 Buttonwood Pkwy, Richmond, Virginia, 46940','2023-12-22 11:50:07'),(47,'+44 8452 28 5930','04JiIrx32nvRGgIfoealIw==',3,'Cindy','Meza',9124942408837.01,'Luxembourg','Dover','Washougal','3963 Old Lake St, Topeka, KS, 77777','2023-08-31 00:00:48'),(48,'+52 55 0520 9514','BWHS0t87sWAFeM//n6qUUw==',3,'Abram','Posey',37.57,'Myanmar','Providence','Murrieta','1874 Highland Street, 1st FL, Springfield, IL, 71757','2023-12-31 08:16:26'),(49,'+971 1 776 4314','Zy+a4nK+0OfO+ArYtsh5fQ==',3,'Benton','Castleberry',NULL,'Kuwait','Annapolis','Columbia City','3080 Rockwood Cir, Tallahassee, Florida, 83203','2023-08-31 01:56:25'),(50,'+44 8915 73 9767','E23W0PuTZ1EWc6bWwjhrZA==',3,'Tomi','Saxon',NULL,'Switzerland','Phoenix','Friendswood','2325 Red Riddle Hill Highway, Montgomery, AL, 12569','2023-12-26 18:51:16'),(51,'johnsmith@email.com','123456',3,'John','Smith',0.00,'China','Shanxi','Taiyuan','Taiyuan University of Technology','2024-05-14 04:50:45'),(52,'johnnyenglish@email.com','123456',3,'Johnny','',1000.00,'China','Shanxi','Taiyuan','TYUT','2024-05-14 04:53:51'),(54,'johnnyenglish1@email.com','123456',3,'Johnny','',NULL,'China','Shanxi','Taiyuan','TYUT','2024-05-14 04:54:28');
/*!40000 ALTER TABLE `users` ENABLE KEYS */;
UNLOCK TABLES;

--
-- Dumping events for database 'utopia'
--

--
-- Dumping routines for database 'utopia'
--
/*!40103 SET TIME_ZONE=@OLD_TIME_ZONE */;

/*!40101 SET SQL_MODE=@OLD_SQL_MODE */;
/*!40014 SET FOREIGN_KEY_CHECKS=@OLD_FOREIGN_KEY_CHECKS */;
/*!40014 SET UNIQUE_CHECKS=@OLD_UNIQUE_CHECKS */;
/*!40101 SET CHARACTER_SET_CLIENT=@OLD_CHARACTER_SET_CLIENT */;
/*!40101 SET CHARACTER_SET_RESULTS=@OLD_CHARACTER_SET_RESULTS */;
/*!40101 SET COLLATION_CONNECTION=@OLD_COLLATION_CONNECTION */;
/*!40111 SET SQL_NOTES=@OLD_SQL_NOTES */;

-- Dump completed on 2024-05-15 12:08:12
